,time,load_shortfall_3h
0,2018-01-01 00:00:00,12719.667
1,2018-01-01 03:00:00,12668.544
2,2018-01-01 06:00:00,10351.923
3,2018-01-01 09:00:00,16325.96
4,2018-01-01 12:00:00,14298.874
5,2018-01-01 15:00:00,12662.24
6,2018-01-01 18:00:00,14104.539
7,2018-01-01 21:00:00,3644.0625
8,2018-01-02 00:00:00,13687.051
9,2018-01-02 03:00:00,9627.045
10,2018-01-02 06:00:00,10793.349
11,2018-01-02 09:00:00,13450.067
12,2018-01-02 12:00:00,10983.107
13,2018-01-02 15:00:00,15403.047
14,2018-01-02 18:00:00,7384.1396
15,2018-01-02 21:00:00,4315.267
16,2018-01-03 00:00:00,13705.381
17,2018-01-03 03:00:00,10241.656
18,2018-01-03 06:00:00,11613.212
19,2018-01-03 09:00:00,5031.1484
20,2018-01-03 12:00:00,4579.9287
21,2018-01-03 15:00:00,15088.468
22,2018-01-03 18:00:00,9572.081
23,2018-01-03 21:00:00,14135.03
24,2018-01-04 00:00:00,2531.7495
25,2018-01-04 03:00:00,15220.559
26,2018-01-04 06:00:00,11467.816
27,2018-01-04 09:00:00,3585.89
28,2018-01-04 12:00:00,7555.1177
29,2018-01-04 15:00:00,8570.289
30,2018-01-04 18:00:00,12497.471
31,2018-01-04 21:00:00,4339.054
32,2018-01-05 00:00:00,12860.894
33,2018-01-05 03:00:00,9871.063
34,2018-01-05 06:00:00,7730.4707
35,2018-01-05 09:00:00,1452.1208
36,2018-01-05 12:00:00,16107.382
37,2018-01-05 15:00:00,15209.559
38,2018-01-05 18:00:00,13008.298
39,2018-01-05 21:00:00,10416.984
40,2018-01-06 00:00:00,14309.035
41,2018-01-06 03:00:00,4098.569
42,2018-01-06 06:00:00,12639.547
43,2018-01-06 09:00:00,4466.453
44,2018-01-06 12:00:00,14833.859
45,2018-01-06 15:00:00,8778.32
46,2018-01-06 18:00:00,15448.833
47,2018-01-06 21:00:00,4945.403
48,2018-01-07 00:00:00,14406.893
49,2018-01-07 03:00:00,12877.757
50,2018-01-07 06:00:00,2760.7505
51,2018-01-07 09:00:00,5929.4897
52,2018-01-07 12:00:00,11568.237
53,2018-01-07 15:00:00,16408.115
54,2018-01-07 18:00:00,12394.734
55,2018-01-07 21:00:00,7188.5337
56,2018-01-08 00:00:00,13747.949
57,2018-01-08 03:00:00,12191.925
58,2018-01-08 06:00:00,9631.463
59,2018-01-08 09:00:00,8973.333
60,2018-01-08 12:00:00,15793.589
61,2018-01-08 15:00:00,14057.863
62,2018-01-08 18:00:00,12363.182
63,2018-01-08 21:00:00,7953.8125
64,2018-01-09 00:00:00,7046.215
65,2018-01-09 03:00:00,10908.113
66,2018-01-09 06:00:00,16808.588
67,2018-01-09 09:00:00,8394.4375
68,2018-01-09 12:00:00,3069.084
69,2018-01-09 15:00:00,5724.86
70,2018-01-09 18:00:00,14116.094
71,2018-01-09 21:00:00,10970.51
72,2018-01-10 00:00:00,16371.239
73,2018-01-10 03:00:00,11295.728
74,2018-01-10 06:00:00,12440.925
75,2018-01-10 09:00:00,13630.394
76,2018-01-10 12:00:00,12308.736
77,2018-01-10 15:00:00,8767.335
78,2018-01-10 18:00:00,1781.8947
79,2018-01-10 21:00:00,11985.186
80,2018-01-11 00:00:00,5576.0386
81,2018-01-11 03:00:00,6357.868
82,2018-01-11 06:00:00,13135.049
83,2018-01-11 09:00:00,8266.93
84,2018-01-11 12:00:00,13091.3125
85,2018-01-11 15:00:00,13437.863
86,2018-01-11 18:00:00,13813.818
87,2018-01-11 21:00:00,10654.306
88,2018-01-12 00:00:00,16755.16
89,2018-01-12 03:00:00,9454.831
90,2018-01-12 06:00:00,13214.677
91,2018-01-12 09:00:00,16114.474
92,2018-01-12 12:00:00,12876.731
93,2018-01-12 15:00:00,15084.601
94,2018-01-12 18:00:00,12607.0625
95,2018-01-12 21:00:00,11021.273
96,2018-01-13 00:00:00,12305.359
97,2018-01-13 03:00:00,15105.444
98,2018-01-13 06:00:00,5012.4956
99,2018-01-13 09:00:00,13038.447
100,2018-01-13 12:00:00,12783.767
101,2018-01-13 15:00:00,15161.751
102,2018-01-13 18:00:00,12190.869
103,2018-01-13 21:00:00,12848.858
104,2018-01-14 00:00:00,7487.883
105,2018-01-14 03:00:00,3874.7175
106,2018-01-14 06:00:00,10568.054
107,2018-01-14 09:00:00,15165.987
108,2018-01-14 12:00:00,9794.035
109,2018-01-14 15:00:00,4143.7964
110,2018-01-14 18:00:00,9196.2705
111,2018-01-14 21:00:00,14010.914
112,2018-01-15 00:00:00,1869.739
113,2018-01-15 03:00:00,12937.527
114,2018-01-15 06:00:00,12795.741
115,2018-01-15 09:00:00,14075.131
116,2018-01-15 12:00:00,9564.363
117,2018-01-15 15:00:00,7427.88
118,2018-01-15 18:00:00,15297.817
119,2018-01-15 21:00:00,12908.476
120,2018-01-16 00:00:00,14146.845
121,2018-01-16 03:00:00,6224.432
122,2018-01-16 06:00:00,11384.053
123,2018-01-16 09:00:00,10346.316
124,2018-01-16 12:00:00,15026.7295
125,2018-01-16 15:00:00,15331.693
126,2018-01-16 18:00:00,14451.022
127,2018-01-16 21:00:00,12301.949
128,2018-01-17 00:00:00,10164.999
129,2018-01-17 03:00:00,9470.719
130,2018-01-17 06:00:00,7485.3906
131,2018-01-17 09:00:00,12036.531
132,2018-01-17 12:00:00,10897.793
133,2018-01-17 15:00:00,5466.493
134,2018-01-17 18:00:00,4865.884
135,2018-01-17 21:00:00,13789.816
136,2018-01-18 00:00:00,11217.116
137,2018-01-18 03:00:00,7869.7554
138,2018-01-18 06:00:00,14891.571
139,2018-01-18 09:00:00,8618.484
140,2018-01-18 12:00:00,13604.912
141,2018-01-18 15:00:00,6667.322
142,2018-01-18 18:00:00,11087.554
143,2018-01-18 21:00:00,2430.784
144,2018-01-19 00:00:00,10515.0205
145,2018-01-19 03:00:00,8745.66
146,2018-01-19 06:00:00,14921.459
147,2018-01-19 09:00:00,9022.787
148,2018-01-19 12:00:00,12689.903
149,2018-01-19 15:00:00,13801.692
150,2018-01-19 18:00:00,8662.781
151,2018-01-19 21:00:00,8024.356
152,2018-01-20 00:00:00,7933.1562
153,2018-01-20 03:00:00,5572.4795
154,2018-01-20 06:00:00,11470.84
155,2018-01-20 09:00:00,12800.877
156,2018-01-20 12:00:00,12478.077
157,2018-01-20 15:00:00,4854.444
158,2018-01-20 18:00:00,11410.874
159,2018-01-20 21:00:00,16950.611
160,2018-01-21 00:00:00,12100.547
161,2018-01-21 03:00:00,11872.409
162,2018-01-21 06:00:00,5631.421
163,2018-01-21 09:00:00,7830.181
164,2018-01-21 12:00:00,10761.893
165,2018-01-21 15:00:00,13117.757
166,2018-01-21 18:00:00,10163.313
167,2018-01-21 21:00:00,5535.23
168,2018-01-22 00:00:00,12978.819
169,2018-01-22 03:00:00,9774.984
170,2018-01-22 06:00:00,11133.433
171,2018-01-22 09:00:00,13376.519
172,2018-01-22 12:00:00,13225.605
173,2018-01-22 15:00:00,8495.972
174,2018-01-22 18:00:00,6281.3413
175,2018-01-22 21:00:00,11769.712
176,2018-01-23 00:00:00,10855.349
177,2018-01-23 03:00:00,11777.755
178,2018-01-23 06:00:00,1372.3441
179,2018-01-23 09:00:00,7928.422
180,2018-01-23 12:00:00,3094.2783
181,2018-01-23 15:00:00,8152.1
182,2018-01-23 18:00:00,14725.769
183,2018-01-23 21:00:00,9728.728
184,2018-01-24 00:00:00,12397.873
185,2018-01-24 03:00:00,7055.6987
186,2018-01-24 06:00:00,2044.9855
187,2018-01-24 09:00:00,7177.3003
188,2018-01-24 12:00:00,6943.0054
189,2018-01-24 15:00:00,7367.7393
190,2018-01-24 18:00:00,12114.568
191,2018-01-24 21:00:00,8833.224
192,2018-01-25 00:00:00,10309.141
193,2018-01-25 03:00:00,4913.232
194,2018-01-25 06:00:00,13793.388
195,2018-01-25 09:00:00,6249.1733
196,2018-01-25 12:00:00,15179.723
197,2018-01-25 15:00:00,9681.625
198,2018-01-25 18:00:00,12933.442
199,2018-01-25 21:00:00,9702.602
200,2018-01-26 00:00:00,9618.393
201,2018-01-26 03:00:00,8488.643
202,2018-01-26 06:00:00,13282.514
203,2018-01-26 09:00:00,14321.6045
204,2018-01-26 12:00:00,17660.123
205,2018-01-26 15:00:00,9815.66
206,2018-01-26 18:00:00,12456.985
207,2018-01-26 21:00:00,13854.213
208,2018-01-27 00:00:00,11073.866
209,2018-01-27 03:00:00,12991.923
210,2018-01-27 06:00:00,10559.879
211,2018-01-27 09:00:00,14909.537
212,2018-01-27 12:00:00,9662.751
213,2018-01-27 15:00:00,7605.5737
214,2018-01-27 18:00:00,14826.799
215,2018-01-27 21:00:00,5003.084
216,2018-01-28 00:00:00,10605.236
217,2018-01-28 03:00:00,15081.109
218,2018-01-28 06:00:00,7913.608
219,2018-01-28 09:00:00,8890.167
220,2018-01-28 12:00:00,13967.261
221,2018-01-28 15:00:00,10760.196
222,2018-01-28 18:00:00,10412.886
223,2018-01-28 21:00:00,10138.541
224,2018-01-29 00:00:00,6413.29
225,2018-01-29 03:00:00,16932.406
226,2018-01-29 06:00:00,14394.331
227,2018-01-29 09:00:00,10184.124
228,2018-01-29 12:00:00,3786.3577
229,2018-01-29 15:00:00,7685.63
230,2018-01-29 18:00:00,10407.412
231,2018-01-29 21:00:00,12447.467
232,2018-01-30 00:00:00,8776.635
233,2018-01-30 03:00:00,10854.31
234,2018-01-30 06:00:00,8991.584
235,2018-01-30 09:00:00,11917.771
236,2018-01-30 12:00:00,8102.649
237,2018-01-30 15:00:00,14207.735
238,2018-01-30 18:00:00,11775.946
239,2018-01-30 21:00:00,10704.301
240,2018-01-31 00:00:00,9707.031
241,2018-01-31 03:00:00,10895.145
242,2018-01-31 06:00:00,13355.046
243,2018-01-31 09:00:00,12926.676
244,2018-01-31 12:00:00,12012.084
245,2018-01-31 15:00:00,10033.806
246,2018-01-31 18:00:00,12558.603
247,2018-01-31 21:00:00,7497.052
248,2018-02-01 00:00:00,16283.763
249,2018-02-01 03:00:00,1865.5046
250,2018-02-01 06:00:00,5465.471
251,2018-02-01 09:00:00,8855.428
252,2018-02-01 12:00:00,4696.988
253,2018-02-01 15:00:00,8213.162
254,2018-02-01 18:00:00,6342.817
255,2018-02-01 21:00:00,14490.055
256,2018-02-02 00:00:00,14868.396
257,2018-02-02 03:00:00,17430.555
258,2018-02-02 06:00:00,10060.847
259,2018-02-02 09:00:00,8617.851
260,2018-02-02 12:00:00,9520.819
261,2018-02-02 15:00:00,5170.298
262,2018-02-02 18:00:00,6781.0786
263,2018-02-02 21:00:00,8857.766
264,2018-02-03 00:00:00,14362.185
265,2018-02-03 03:00:00,7333.498
266,2018-02-03 06:00:00,9081.435
267,2018-02-03 09:00:00,11699.756
268,2018-02-03 12:00:00,8679.282
269,2018-02-03 15:00:00,14564.479
270,2018-02-03 18:00:00,7278.584
271,2018-02-03 21:00:00,3711.392
272,2018-02-04 00:00:00,14516.456
273,2018-02-04 03:00:00,12589.794
274,2018-02-04 06:00:00,14214.18
275,2018-02-04 09:00:00,8286.189
276,2018-02-04 12:00:00,15019.179
277,2018-02-04 15:00:00,12318.081
278,2018-02-04 18:00:00,9831.115
279,2018-02-04 21:00:00,8366.876
280,2018-02-05 00:00:00,7804.5825
281,2018-02-05 03:00:00,10786.76
282,2018-02-05 06:00:00,13567.349
283,2018-02-05 09:00:00,9718.675
284,2018-02-05 12:00:00,8908.553
285,2018-02-05 15:00:00,14084.997
286,2018-02-05 18:00:00,14306.033
287,2018-02-05 21:00:00,3636.9282
288,2018-02-06 00:00:00,1802.4867
289,2018-02-06 03:00:00,11359.362
290,2018-02-06 06:00:00,13765.565
291,2018-02-06 09:00:00,12579.099
292,2018-02-06 12:00:00,15909.766
293,2018-02-06 15:00:00,10288.629
294,2018-02-06 18:00:00,9973.146
295,2018-02-06 21:00:00,8794.023
296,2018-02-07 00:00:00,9748.181
297,2018-02-07 03:00:00,14462.555
298,2018-02-07 06:00:00,14626.286
299,2018-02-07 09:00:00,14507.655
300,2018-02-07 12:00:00,7489.6187
301,2018-02-07 15:00:00,13876.073
302,2018-02-07 18:00:00,3470.3872
303,2018-02-07 21:00:00,7785.564
304,2018-02-08 00:00:00,12151.5
305,2018-02-08 03:00:00,11859.235
306,2018-02-08 06:00:00,7563.171
307,2018-02-08 09:00:00,9591.21
308,2018-02-08 12:00:00,10996.841
309,2018-02-08 15:00:00,10393.178
310,2018-02-08 18:00:00,14014.842
311,2018-02-08 21:00:00,10692.795
312,2018-02-09 00:00:00,6615.5684
313,2018-02-09 03:00:00,9432.717
314,2018-02-09 06:00:00,6602.064
315,2018-02-09 09:00:00,10075.0625
316,2018-02-09 12:00:00,6290.7295
317,2018-02-09 15:00:00,9096.196
318,2018-02-09 18:00:00,15839.425
319,2018-02-09 21:00:00,9288.147
320,2018-02-10 00:00:00,6030.951
321,2018-02-10 03:00:00,8782.231
322,2018-02-10 06:00:00,3846.5427
323,2018-02-10 09:00:00,16051.408
324,2018-02-10 12:00:00,6263.963
325,2018-02-10 15:00:00,14128.05
326,2018-02-10 18:00:00,6042.0605
327,2018-02-10 21:00:00,8060.492
328,2018-02-11 00:00:00,8448.228
329,2018-02-11 03:00:00,13594.864
330,2018-02-11 06:00:00,13400.986
331,2018-02-11 09:00:00,8522.964
332,2018-02-11 12:00:00,13460.264
333,2018-02-11 15:00:00,15223.615
334,2018-02-11 18:00:00,16007.074
335,2018-02-11 21:00:00,14659.773
336,2018-02-12 00:00:00,11772.509
337,2018-02-12 03:00:00,7797.763
338,2018-02-12 06:00:00,16359.11
339,2018-02-12 09:00:00,12361.606
340,2018-02-12 12:00:00,8480.45
341,2018-02-12 15:00:00,10721.649
342,2018-02-12 18:00:00,14039.026
343,2018-02-12 21:00:00,7826.6763
344,2018-02-13 00:00:00,11893.185
345,2018-02-13 03:00:00,12431.799
346,2018-02-13 06:00:00,5999.023
347,2018-02-13 09:00:00,13404.597
348,2018-02-13 12:00:00,15019.815
349,2018-02-13 15:00:00,10868.434
350,2018-02-13 18:00:00,14557.583
351,2018-02-13 21:00:00,14908.696
352,2018-02-14 00:00:00,15230.125
353,2018-02-14 03:00:00,12094.575
354,2018-02-14 06:00:00,6045.398
355,2018-02-14 09:00:00,6723.959
356,2018-02-14 12:00:00,12720.942
357,2018-02-14 15:00:00,2711.631
358,2018-02-14 18:00:00,8127.2827
359,2018-02-14 21:00:00,7113.908
360,2018-02-15 00:00:00,9946.432
361,2018-02-15 03:00:00,12994.292
362,2018-02-15 06:00:00,6742.7407
363,2018-02-15 09:00:00,7214.0522
364,2018-02-15 12:00:00,12643.282
365,2018-02-15 15:00:00,7687.3174
366,2018-02-15 18:00:00,10297.002
367,2018-02-15 21:00:00,11090.711
368,2018-02-16 00:00:00,13873.291
369,2018-02-16 03:00:00,12478.051
370,2018-02-16 06:00:00,8477.536
371,2018-02-16 09:00:00,9834.254
372,2018-02-16 12:00:00,9213.921
373,2018-02-16 15:00:00,13470.675
374,2018-02-16 18:00:00,8622.951
375,2018-02-16 21:00:00,11237.05
376,2018-02-17 00:00:00,8182.029
377,2018-02-17 03:00:00,14243.657
378,2018-02-17 06:00:00,15294.055
379,2018-02-17 09:00:00,3767.102
380,2018-02-17 12:00:00,10119.438
381,2018-02-17 15:00:00,11800.412
382,2018-02-17 18:00:00,12083.141
383,2018-02-17 21:00:00,13560.767
384,2018-02-18 00:00:00,13790.709
385,2018-02-18 03:00:00,12848.126
386,2018-02-18 06:00:00,16155.382
387,2018-02-18 09:00:00,10135.631
388,2018-02-18 12:00:00,10962.176
389,2018-02-18 15:00:00,7106.7524
390,2018-02-18 18:00:00,13818.134
391,2018-02-18 21:00:00,16075.283
392,2018-02-19 00:00:00,4430.91
393,2018-02-19 03:00:00,8380.0
394,2018-02-19 06:00:00,11045.75
395,2018-02-19 09:00:00,12093.989
396,2018-02-19 12:00:00,13551.253
397,2018-02-19 15:00:00,17279.896
398,2018-02-19 18:00:00,10003.264
399,2018-02-19 21:00:00,7385.875
400,2018-02-20 00:00:00,7064.148
401,2018-02-20 03:00:00,13360.268
402,2018-02-20 06:00:00,8878.498
403,2018-02-20 09:00:00,11579.306
404,2018-02-20 12:00:00,7786.3525
405,2018-02-20 15:00:00,15325.484
406,2018-02-20 18:00:00,16457.41
407,2018-02-20 21:00:00,8503.641
408,2018-02-21 00:00:00,6033.1753
409,2018-02-21 03:00:00,7061.347
410,2018-02-21 06:00:00,6861.346
411,2018-02-21 09:00:00,10796.249
412,2018-02-21 12:00:00,13604.934
413,2018-02-21 15:00:00,12894.755
414,2018-02-21 18:00:00,10485.862
415,2018-02-21 21:00:00,10194.495
416,2018-02-22 00:00:00,9592.899
417,2018-02-22 03:00:00,14194.593
418,2018-02-22 06:00:00,8670.633
419,2018-02-22 09:00:00,8493.507
420,2018-02-22 12:00:00,18214.658
421,2018-02-22 15:00:00,13843.84
422,2018-02-22 18:00:00,5189.1855
423,2018-02-22 21:00:00,329.65768
424,2018-02-23 00:00:00,13115.049
425,2018-02-23 03:00:00,8769.089
426,2018-02-23 06:00:00,13230.856
427,2018-02-23 09:00:00,3483.0955
428,2018-02-23 12:00:00,5246.736
429,2018-02-23 15:00:00,12563.931
430,2018-02-23 18:00:00,14897.0205
431,2018-02-23 21:00:00,9010.249
432,2018-02-24 00:00:00,12160.588
433,2018-02-24 03:00:00,9142.287
434,2018-02-24 06:00:00,8200.485
435,2018-02-24 09:00:00,8336.228
436,2018-02-24 12:00:00,5835.8306
437,2018-02-24 15:00:00,14105.93
438,2018-02-24 18:00:00,12868.815
439,2018-02-24 21:00:00,17935.047
440,2018-02-25 00:00:00,10571.434
441,2018-02-25 03:00:00,17472.621
442,2018-02-25 06:00:00,16265.824
443,2018-02-25 09:00:00,8770.863
444,2018-02-25 12:00:00,13289.64
445,2018-02-25 15:00:00,7249.6855
446,2018-02-25 18:00:00,8257.719
447,2018-02-25 21:00:00,10918.419
448,2018-02-26 00:00:00,8753.113
449,2018-02-26 03:00:00,12638.122
450,2018-02-26 06:00:00,4920.7495
451,2018-02-26 09:00:00,11267.203
452,2018-02-26 12:00:00,13769.189
453,2018-02-26 15:00:00,4576.4014
454,2018-02-26 18:00:00,11374.074
455,2018-02-26 21:00:00,13535.265
456,2018-02-27 00:00:00,14979.275
457,2018-02-27 03:00:00,18259.75
458,2018-02-27 06:00:00,7511.227
459,2018-02-27 09:00:00,10571.232
460,2018-02-27 12:00:00,12964.954
461,2018-02-27 15:00:00,13742.899
462,2018-02-27 18:00:00,3579.1438
463,2018-02-27 21:00:00,12917.634
464,2018-02-28 00:00:00,6470.6484
465,2018-02-28 03:00:00,14624.332
466,2018-02-28 06:00:00,15199.073
467,2018-02-28 09:00:00,6545.199
468,2018-02-28 12:00:00,11706.256
469,2018-02-28 15:00:00,15279.296
470,2018-02-28 18:00:00,7126.8135
471,2018-02-28 21:00:00,9776.123
472,2018-03-01 00:00:00,15793.075
473,2018-03-01 03:00:00,7831.059
474,2018-03-01 06:00:00,14722.892
475,2018-03-01 09:00:00,7857.525
476,2018-03-01 12:00:00,14511.436
477,2018-03-01 15:00:00,13581.836
478,2018-03-01 18:00:00,13635.134
479,2018-03-01 21:00:00,15074.818
480,2018-03-02 00:00:00,12376.792
481,2018-03-02 03:00:00,14502.368
482,2018-03-02 06:00:00,15647.781
483,2018-03-02 09:00:00,13571.626
484,2018-03-02 12:00:00,9112.129
485,2018-03-02 15:00:00,10426.344
486,2018-03-02 18:00:00,6810.3633
487,2018-03-02 21:00:00,17261.338
488,2018-03-03 00:00:00,9665.545
489,2018-03-03 03:00:00,17262.334
490,2018-03-03 06:00:00,15272.887
491,2018-03-03 09:00:00,8177.875
492,2018-03-03 12:00:00,15137.806
493,2018-03-03 15:00:00,11063.319
494,2018-03-03 18:00:00,13911.398
495,2018-03-03 21:00:00,12712.127
496,2018-03-04 00:00:00,10061.95
497,2018-03-04 03:00:00,11390.923
498,2018-03-04 06:00:00,9788.9375
499,2018-03-04 09:00:00,16423.354
500,2018-03-04 12:00:00,10756.519
501,2018-03-04 15:00:00,14374.542
502,2018-03-04 18:00:00,10168.789
503,2018-03-04 21:00:00,12803.322
504,2018-03-05 00:00:00,14160.946
505,2018-03-05 03:00:00,8641.768
506,2018-03-05 06:00:00,7807.4775
507,2018-03-05 09:00:00,-1266.24
508,2018-03-05 12:00:00,13314.504
509,2018-03-05 15:00:00,15802.067
510,2018-03-05 18:00:00,9698.297
511,2018-03-05 21:00:00,11020.777
512,2018-03-06 00:00:00,12497.735
513,2018-03-06 03:00:00,15989.238
514,2018-03-06 06:00:00,14687.399
515,2018-03-06 09:00:00,11190.632
516,2018-03-06 12:00:00,5738.519
517,2018-03-06 15:00:00,10127.101
518,2018-03-06 18:00:00,5940.7715
519,2018-03-06 21:00:00,12149.827
520,2018-03-07 00:00:00,11898.535
521,2018-03-07 03:00:00,12039.186
522,2018-03-07 06:00:00,6605.4395
523,2018-03-07 09:00:00,8937.851
524,2018-03-07 12:00:00,13582.851
525,2018-03-07 15:00:00,15908.736
526,2018-03-07 18:00:00,8773.679
527,2018-03-07 21:00:00,6110.8687
528,2018-03-08 00:00:00,9471.084
529,2018-03-08 03:00:00,15584.101
530,2018-03-08 06:00:00,10759.722
531,2018-03-08 09:00:00,7248.292
532,2018-03-08 12:00:00,13226.633
533,2018-03-08 15:00:00,2928.6504
534,2018-03-08 18:00:00,10929.181
535,2018-03-08 21:00:00,14711.3125
536,2018-03-09 00:00:00,8048.1797
537,2018-03-09 03:00:00,13332.408
538,2018-03-09 06:00:00,3101.5908
539,2018-03-09 09:00:00,9665.707
540,2018-03-09 12:00:00,4821.636
541,2018-03-09 15:00:00,11175.464
542,2018-03-09 18:00:00,7025.393
543,2018-03-09 21:00:00,10627.2705
544,2018-03-10 00:00:00,14199.927
545,2018-03-10 03:00:00,9168.309
546,2018-03-10 06:00:00,5401.1064
547,2018-03-10 09:00:00,12807.73
548,2018-03-10 12:00:00,8994.566
549,2018-03-10 15:00:00,12019.543
550,2018-03-10 18:00:00,13973.756
551,2018-03-10 21:00:00,7925.4106
552,2018-03-11 00:00:00,7236.2275
553,2018-03-11 03:00:00,14815.049
554,2018-03-11 06:00:00,9470.2295
555,2018-03-11 09:00:00,7776.9634
556,2018-03-11 12:00:00,15393.976
557,2018-03-11 15:00:00,4841.028
558,2018-03-11 18:00:00,15463.076
559,2018-03-11 21:00:00,8510.28
560,2018-03-12 00:00:00,15397.299
561,2018-03-12 03:00:00,13771.57
562,2018-03-12 06:00:00,13800.8125
563,2018-03-12 09:00:00,4167.6035
564,2018-03-12 12:00:00,13445.665
565,2018-03-12 15:00:00,4908.1855
566,2018-03-12 18:00:00,8652.97
567,2018-03-12 21:00:00,7965.741
568,2018-03-13 00:00:00,9803.588
569,2018-03-13 03:00:00,9442.489
570,2018-03-13 06:00:00,12980.779
571,2018-03-13 09:00:00,14933.951
572,2018-03-13 12:00:00,12346.89
573,2018-03-13 15:00:00,12906.964
574,2018-03-13 18:00:00,7458.151
575,2018-03-13 21:00:00,10199.512
576,2018-03-14 00:00:00,13763.91
577,2018-03-14 03:00:00,9148.286
578,2018-03-14 06:00:00,14085.586
579,2018-03-14 09:00:00,9149.942
580,2018-03-14 12:00:00,8762.9
581,2018-03-14 15:00:00,8974.216
582,2018-03-14 18:00:00,4329.1113
583,2018-03-14 21:00:00,15127.282
584,2018-03-15 00:00:00,13136.267
585,2018-03-15 03:00:00,7656.83
586,2018-03-15 06:00:00,15427.941
587,2018-03-15 09:00:00,12004.652
588,2018-03-15 12:00:00,13211.771
589,2018-03-15 15:00:00,14886.563
590,2018-03-15 18:00:00,17246.074
591,2018-03-15 21:00:00,10087.281
592,2018-03-16 00:00:00,16075.136
593,2018-03-16 03:00:00,13833.744
594,2018-03-16 06:00:00,13643.713
595,2018-03-16 09:00:00,9229.848
596,2018-03-16 12:00:00,10301.158
597,2018-03-16 15:00:00,12013.545
598,2018-03-16 18:00:00,13656.261
599,2018-03-16 21:00:00,11670.623
600,2018-03-17 00:00:00,8779.572
601,2018-03-17 03:00:00,3184.002
602,2018-03-17 06:00:00,14307.926
603,2018-03-17 09:00:00,10440.568
604,2018-03-17 12:00:00,13968.183
605,2018-03-17 15:00:00,13235.939
606,2018-03-17 18:00:00,15190.35
607,2018-03-17 21:00:00,13937.206
608,2018-03-18 00:00:00,14002.782
609,2018-03-18 03:00:00,10512.441
610,2018-03-18 06:00:00,7578.488
611,2018-03-18 09:00:00,12798.512
612,2018-03-18 12:00:00,6944.809
613,2018-03-18 15:00:00,10414.286
614,2018-03-18 18:00:00,6875.223
615,2018-03-18 21:00:00,7959.0967
616,2018-03-19 00:00:00,13430.314
617,2018-03-19 03:00:00,8233.038
618,2018-03-19 06:00:00,11565.963
619,2018-03-19 09:00:00,7851.0645
620,2018-03-19 12:00:00,6395.567
621,2018-03-19 15:00:00,14737.856
622,2018-03-19 18:00:00,17434.074
623,2018-03-19 21:00:00,9803.357
624,2018-03-20 00:00:00,13115.972
625,2018-03-20 03:00:00,11244.903
626,2018-03-20 06:00:00,7853.296
627,2018-03-20 09:00:00,14926.414
628,2018-03-20 12:00:00,16160.959
629,2018-03-20 15:00:00,12155.683
630,2018-03-20 18:00:00,6400.315
631,2018-03-20 21:00:00,7613.7417
632,2018-03-21 00:00:00,10955.615
633,2018-03-21 03:00:00,12253.883
634,2018-03-21 06:00:00,13773.967
635,2018-03-21 09:00:00,7781.478
636,2018-03-21 12:00:00,4457.9595
637,2018-03-21 15:00:00,2362.119
638,2018-03-21 18:00:00,9402.275
639,2018-03-21 21:00:00,13105.41
640,2018-03-22 00:00:00,11342.463
641,2018-03-22 03:00:00,9744.548
642,2018-03-22 06:00:00,13443.044
643,2018-03-22 09:00:00,11200.6045
644,2018-03-22 12:00:00,8759.573
645,2018-03-22 15:00:00,1769.1759
646,2018-03-22 18:00:00,11234.391
647,2018-03-22 21:00:00,2106.661
648,2018-03-23 00:00:00,13278.968
649,2018-03-23 03:00:00,9317.07
650,2018-03-23 06:00:00,13530.08
651,2018-03-23 09:00:00,10613.429
652,2018-03-23 12:00:00,10399.491
653,2018-03-23 15:00:00,8500.706
654,2018-03-23 18:00:00,16320.698
655,2018-03-23 21:00:00,3410.0496
656,2018-03-24 00:00:00,11588.431
657,2018-03-24 03:00:00,15992.732
658,2018-03-24 06:00:00,9121.689
659,2018-03-24 09:00:00,7536.062
660,2018-03-24 12:00:00,13685.521
661,2018-03-24 15:00:00,10161.597
662,2018-03-24 18:00:00,12873.92
663,2018-03-24 21:00:00,12970.684
664,2018-03-25 00:00:00,9772.773
665,2018-03-25 03:00:00,16981.525
666,2018-03-25 06:00:00,7268.315
667,2018-03-25 09:00:00,9967.062
668,2018-03-25 12:00:00,7926.7563
669,2018-03-25 15:00:00,9437.33
670,2018-03-25 18:00:00,15297.524
671,2018-03-25 21:00:00,11812.616
672,2018-03-26 00:00:00,8786.321
673,2018-03-26 03:00:00,6106.654
674,2018-03-26 06:00:00,9797.194
675,2018-03-26 09:00:00,15886.026
676,2018-03-26 12:00:00,12391.782
677,2018-03-26 15:00:00,8906.756
678,2018-03-26 18:00:00,9687.779
679,2018-03-26 21:00:00,12093.837
680,2018-03-27 00:00:00,11075.518
681,2018-03-27 03:00:00,9945.218
682,2018-03-27 06:00:00,13625.2
683,2018-03-27 09:00:00,8113.7617
684,2018-03-27 12:00:00,15010.465
685,2018-03-27 15:00:00,11985.518
686,2018-03-27 18:00:00,13021.3545
687,2018-03-27 21:00:00,13882.54
688,2018-03-28 00:00:00,13075.022
689,2018-03-28 03:00:00,14437.912
690,2018-03-28 06:00:00,8314.192
691,2018-03-28 09:00:00,6608.8057
692,2018-03-28 12:00:00,13156.273
693,2018-03-28 15:00:00,8968.812
694,2018-03-28 18:00:00,13488.49
695,2018-03-28 21:00:00,4181.674
696,2018-03-29 00:00:00,7745.1226
697,2018-03-29 03:00:00,14861.595
698,2018-03-29 06:00:00,-2350.5999
699,2018-03-29 09:00:00,5935.296
700,2018-03-29 12:00:00,14815.37
701,2018-03-29 15:00:00,8069.147
702,2018-03-29 18:00:00,16057.182
703,2018-03-29 21:00:00,15008.847
704,2018-03-30 00:00:00,2022.776
705,2018-03-30 03:00:00,12076.167
706,2018-03-30 06:00:00,14800.181
707,2018-03-30 09:00:00,8144.0854
708,2018-03-30 12:00:00,10198.46
709,2018-03-30 15:00:00,10988.856
710,2018-03-30 18:00:00,8652.1
711,2018-03-30 21:00:00,8476.917
712,2018-03-31 00:00:00,4742.146
713,2018-03-31 03:00:00,10771.097
714,2018-03-31 06:00:00,8273.963
715,2018-03-31 09:00:00,8282.234
716,2018-03-31 12:00:00,7609.45
717,2018-03-31 15:00:00,9706.54
718,2018-03-31 18:00:00,3905.5151
719,2018-03-31 21:00:00,13302.142
720,2018-04-01 00:00:00,11762.708
721,2018-04-01 03:00:00,14691.106
722,2018-04-01 06:00:00,8599.316
723,2018-04-01 09:00:00,14690.076
724,2018-04-01 12:00:00,11069.505
725,2018-04-01 15:00:00,15469.331
726,2018-04-01 18:00:00,9671.57
727,2018-04-01 21:00:00,4937.912
728,2018-04-02 00:00:00,13580.554
729,2018-04-02 03:00:00,10456.268
730,2018-04-02 06:00:00,14030.93
731,2018-04-02 09:00:00,11425.369
732,2018-04-02 12:00:00,15382.506
733,2018-04-02 15:00:00,13273.319
734,2018-04-02 18:00:00,8647.673
735,2018-04-02 21:00:00,12559.069
736,2018-04-03 00:00:00,6135.624
737,2018-04-03 03:00:00,13647.375
738,2018-04-03 06:00:00,5039.906
739,2018-04-03 09:00:00,7471.1245
740,2018-04-03 12:00:00,13410.714
741,2018-04-03 15:00:00,4711.5015
742,2018-04-03 18:00:00,7005.5107
743,2018-04-03 21:00:00,8235.091
744,2018-04-04 00:00:00,6859.5024
745,2018-04-04 03:00:00,10264.406
746,2018-04-04 06:00:00,9072.287
747,2018-04-04 09:00:00,13944.357
748,2018-04-04 12:00:00,10680.12
749,2018-04-04 15:00:00,10666.899
750,2018-04-04 18:00:00,3731.7441
751,2018-04-04 21:00:00,9864.142
752,2018-04-05 00:00:00,13796.205
753,2018-04-05 03:00:00,8191.5884
754,2018-04-05 06:00:00,9317.163
755,2018-04-05 09:00:00,10685.917
756,2018-04-05 12:00:00,12442.143
757,2018-04-05 15:00:00,15244.656
758,2018-04-05 18:00:00,13133.197
759,2018-04-05 21:00:00,3578.191
760,2018-04-06 00:00:00,15705.672
761,2018-04-06 03:00:00,13434.563
762,2018-04-06 06:00:00,5432.0264
763,2018-04-06 09:00:00,5495.9346
764,2018-04-06 12:00:00,7214.7915
765,2018-04-06 15:00:00,13409.096
766,2018-04-06 18:00:00,8851.331
767,2018-04-06 21:00:00,8805.729
768,2018-04-07 00:00:00,9154.077
769,2018-04-07 03:00:00,13491.101
770,2018-04-07 06:00:00,13722.737
771,2018-04-07 09:00:00,10090.89
772,2018-04-07 12:00:00,9974.265
773,2018-04-07 15:00:00,9951.389
774,2018-04-07 18:00:00,13433.141
775,2018-04-07 21:00:00,14646.338
776,2018-04-08 00:00:00,8888.134
777,2018-04-08 03:00:00,8692.829
778,2018-04-08 06:00:00,12675.698
779,2018-04-08 09:00:00,8505.278
780,2018-04-08 12:00:00,6430.5737
781,2018-04-08 15:00:00,14386.02
782,2018-04-08 18:00:00,12616.258
783,2018-04-08 21:00:00,1316.9003
784,2018-04-09 00:00:00,16531.12
785,2018-04-09 03:00:00,12963.402
786,2018-04-09 06:00:00,5222.1377
787,2018-04-09 09:00:00,4884.5923
788,2018-04-09 12:00:00,13737.968
789,2018-04-09 15:00:00,9728.429
790,2018-04-09 18:00:00,2727.5322
791,2018-04-09 21:00:00,14366.973
792,2018-04-10 00:00:00,11580.697
793,2018-04-10 03:00:00,12718.073
794,2018-04-10 06:00:00,14220.621
795,2018-04-10 09:00:00,12952.762
796,2018-04-10 12:00:00,7132.8335
797,2018-04-10 15:00:00,13439.243
798,2018-04-10 18:00:00,14950.644
799,2018-04-10 21:00:00,9533.438
800,2018-04-11 00:00:00,10042.686
801,2018-04-11 03:00:00,13571.119
802,2018-04-11 06:00:00,11660.78
803,2018-04-11 09:00:00,12123.791
804,2018-04-11 12:00:00,3759.389
805,2018-04-11 15:00:00,1346.0938
806,2018-04-11 18:00:00,10752.536
807,2018-04-11 21:00:00,12404.577
808,2018-04-12 00:00:00,14893.472
809,2018-04-12 03:00:00,12515.966
810,2018-04-12 06:00:00,3695.1677
811,2018-04-12 09:00:00,10061.803
812,2018-04-12 12:00:00,14785.823
813,2018-04-12 15:00:00,12241.907
814,2018-04-12 18:00:00,9011.091
815,2018-04-12 21:00:00,14100.792
816,2018-04-13 00:00:00,15645.644
817,2018-04-13 03:00:00,11578.568
818,2018-04-13 06:00:00,15123.59
819,2018-04-13 09:00:00,10696.284
820,2018-04-13 12:00:00,13335.86
821,2018-04-13 15:00:00,15876.99
822,2018-04-13 18:00:00,9832.045
823,2018-04-13 21:00:00,10689.632
824,2018-04-14 00:00:00,13963.7295
825,2018-04-14 03:00:00,11615.993
826,2018-04-14 06:00:00,7307.4575
827,2018-04-14 09:00:00,4182.7573
828,2018-04-14 12:00:00,10681.893
829,2018-04-14 15:00:00,5566.1284
830,2018-04-14 18:00:00,13768.188
831,2018-04-14 21:00:00,10489.829
832,2018-04-15 00:00:00,14683.231
833,2018-04-15 03:00:00,8861.088
834,2018-04-15 06:00:00,10841.276
835,2018-04-15 09:00:00,14023.422
836,2018-04-15 12:00:00,10798.698
837,2018-04-15 15:00:00,12438.148
838,2018-04-15 18:00:00,10518.104
839,2018-04-15 21:00:00,11557.425
840,2018-04-16 00:00:00,13373.049
841,2018-04-16 03:00:00,4531.0093
842,2018-04-16 06:00:00,6517.924
843,2018-04-16 09:00:00,14778.606
844,2018-04-16 12:00:00,6468.0503
845,2018-04-16 15:00:00,3885.429
846,2018-04-16 18:00:00,10367.501
847,2018-04-16 21:00:00,13866.18
848,2018-04-17 00:00:00,13243.575
849,2018-04-17 03:00:00,8384.795
850,2018-04-17 06:00:00,12590.115
851,2018-04-17 09:00:00,13576.425
852,2018-04-17 12:00:00,10621.153
853,2018-04-17 15:00:00,14293.2295
854,2018-04-17 18:00:00,5429.3887
855,2018-04-17 21:00:00,6585.726
856,2018-04-18 00:00:00,6849.2637
857,2018-04-18 03:00:00,7386.9307
858,2018-04-18 06:00:00,15163.24
859,2018-04-18 09:00:00,8095.5356
860,2018-04-18 12:00:00,14858.802
861,2018-04-18 15:00:00,10307.853
862,2018-04-18 18:00:00,9389.207
863,2018-04-18 21:00:00,4757.4
864,2018-04-19 00:00:00,9872.437
865,2018-04-19 03:00:00,13440.842
866,2018-04-19 06:00:00,9932.487
867,2018-04-19 09:00:00,3790.817
868,2018-04-19 12:00:00,5592.013
869,2018-04-19 15:00:00,9486.384
870,2018-04-19 18:00:00,7875.235
871,2018-04-19 21:00:00,10323.8
872,2018-04-20 00:00:00,11548.974
873,2018-04-20 03:00:00,9075.285
874,2018-04-20 06:00:00,19877.184
875,2018-04-20 09:00:00,8035.0786
876,2018-04-20 12:00:00,8195.4375
877,2018-04-20 15:00:00,7983.8174
878,2018-04-20 18:00:00,13417.586
879,2018-04-20 21:00:00,8778.558
880,2018-04-21 00:00:00,12356.466
881,2018-04-21 03:00:00,7582.266
882,2018-04-21 06:00:00,15429.748
883,2018-04-21 09:00:00,8793.769
884,2018-04-21 12:00:00,8968.676
885,2018-04-21 15:00:00,3905.6997
886,2018-04-21 18:00:00,11253.269
887,2018-04-21 21:00:00,13773.012
888,2018-04-22 00:00:00,9203.39
889,2018-04-22 03:00:00,12918.649
890,2018-04-22 06:00:00,15456.903
891,2018-04-22 09:00:00,8468.606
892,2018-04-22 12:00:00,12842.261
893,2018-04-22 15:00:00,9035.741
894,2018-04-22 18:00:00,12338.814
895,2018-04-22 21:00:00,10893.062
896,2018-04-23 00:00:00,11463.445
897,2018-04-23 03:00:00,14717.345
898,2018-04-23 06:00:00,2366.6377
899,2018-04-23 09:00:00,5263.2485
900,2018-04-23 12:00:00,8328.434
901,2018-04-23 15:00:00,12682.773
902,2018-04-23 18:00:00,7108.858
903,2018-04-23 21:00:00,7331.6147
904,2018-04-24 00:00:00,10792.897
905,2018-04-24 03:00:00,4470.6987
906,2018-04-24 06:00:00,11225.873
907,2018-04-24 09:00:00,10454.545
908,2018-04-24 12:00:00,15163.47
909,2018-04-24 15:00:00,12035.858
910,2018-04-24 18:00:00,6516.053
911,2018-04-24 21:00:00,6512.12
912,2018-04-25 00:00:00,12845.059
913,2018-04-25 03:00:00,10726.808
914,2018-04-25 06:00:00,14037.665
915,2018-04-25 09:00:00,12262.106
916,2018-04-25 12:00:00,5234.029
917,2018-04-25 15:00:00,13634.825
918,2018-04-25 18:00:00,14223.493
919,2018-04-25 21:00:00,12445.387
920,2018-04-26 00:00:00,14131.209
921,2018-04-26 03:00:00,15743.888
922,2018-04-26 06:00:00,9133.895
923,2018-04-26 09:00:00,7552.5654
924,2018-04-26 12:00:00,8674.033
925,2018-04-26 15:00:00,9991.445
926,2018-04-26 18:00:00,9863.702
927,2018-04-26 21:00:00,14468.067
928,2018-04-27 00:00:00,5144.077
929,2018-04-27 03:00:00,14896.057
930,2018-04-27 06:00:00,5382.2314
931,2018-04-27 09:00:00,11331.668
932,2018-04-27 12:00:00,9376.463
933,2018-04-27 15:00:00,7860.0713
934,2018-04-27 18:00:00,9229.733
935,2018-04-27 21:00:00,14809.441
936,2018-04-28 00:00:00,6043.1562
937,2018-04-28 03:00:00,12510.86
938,2018-04-28 06:00:00,8896.234
939,2018-04-28 09:00:00,7760.886
940,2018-04-28 12:00:00,13831.979
941,2018-04-28 15:00:00,8050.3506
942,2018-04-28 18:00:00,4279.2515
943,2018-04-28 21:00:00,2575.077
944,2018-04-29 00:00:00,12808.914
945,2018-04-29 03:00:00,12247.769
946,2018-04-29 06:00:00,21206.709
947,2018-04-29 09:00:00,9610.614
948,2018-04-29 12:00:00,7409.983
949,2018-04-29 15:00:00,9871.387
950,2018-04-29 18:00:00,8735.594
951,2018-04-29 21:00:00,11009.949
952,2018-04-30 00:00:00,9473.6875
953,2018-04-30 03:00:00,2171.7905
954,2018-04-30 06:00:00,4603.8877
955,2018-04-30 09:00:00,14802.734
956,2018-04-30 12:00:00,8881.3955
957,2018-04-30 15:00:00,10609.326
958,2018-04-30 18:00:00,6574.374
959,2018-04-30 21:00:00,4266.011
960,2018-05-01 00:00:00,5958.8164
961,2018-05-01 03:00:00,13796.165
962,2018-05-01 06:00:00,12393.643
963,2018-05-01 09:00:00,16609.225
964,2018-05-01 12:00:00,8666.532
965,2018-05-01 15:00:00,13547.651
966,2018-05-01 18:00:00,9750.954
967,2018-05-01 21:00:00,5274.3955
968,2018-05-02 00:00:00,5421.332
969,2018-05-02 03:00:00,9654.92
970,2018-05-02 06:00:00,10416.824
971,2018-05-02 09:00:00,4979.69
972,2018-05-02 12:00:00,-901.3776
973,2018-05-02 15:00:00,13651.915
974,2018-05-02 18:00:00,7228.751
975,2018-05-02 21:00:00,3859.0193
976,2018-05-03 00:00:00,9468.675
977,2018-05-03 03:00:00,12037.433
978,2018-05-03 06:00:00,6543.062
979,2018-05-03 09:00:00,14710.427
980,2018-05-03 12:00:00,9402.874
981,2018-05-03 15:00:00,7894.586
982,2018-05-03 18:00:00,9436.982
983,2018-05-03 21:00:00,14711.12
984,2018-05-04 00:00:00,14941.844
985,2018-05-04 03:00:00,6213.54
986,2018-05-04 06:00:00,13665.956
987,2018-05-04 09:00:00,11504.097
988,2018-05-04 12:00:00,14589.113
989,2018-05-04 15:00:00,9784.128
990,2018-05-04 18:00:00,9604.159
991,2018-05-04 21:00:00,13493.843
992,2018-05-05 00:00:00,13853.433
993,2018-05-05 03:00:00,12104.207
994,2018-05-05 06:00:00,6650.1924
995,2018-05-05 09:00:00,11521.921
996,2018-05-05 12:00:00,13929.549
997,2018-05-05 15:00:00,10012.735
998,2018-05-05 18:00:00,12806.496
999,2018-05-05 21:00:00,12320.3955
1000,2018-05-06 00:00:00,10249.539
1001,2018-05-06 03:00:00,16400.97
1002,2018-05-06 06:00:00,16998.828
1003,2018-05-06 09:00:00,11511.425
1004,2018-05-06 12:00:00,10001.147
1005,2018-05-06 15:00:00,13412.347
1006,2018-05-06 18:00:00,13124.242
1007,2018-05-06 21:00:00,13561.414
1008,2018-05-07 00:00:00,13390.869
1009,2018-05-07 03:00:00,14203.53
1010,2018-05-07 06:00:00,12225.526
1011,2018-05-07 09:00:00,8213.95
1012,2018-05-07 12:00:00,3188.3464
1013,2018-05-07 15:00:00,15140.693
1014,2018-05-07 18:00:00,8519.895
1015,2018-05-07 21:00:00,13894.134
1016,2018-05-08 00:00:00,10285.754
1017,2018-05-08 03:00:00,11919.286
1018,2018-05-08 06:00:00,17895.469
1019,2018-05-08 09:00:00,12411.601
1020,2018-05-08 12:00:00,2114.584
1021,2018-05-08 15:00:00,10760.994
1022,2018-05-08 18:00:00,14407.061
1023,2018-05-08 21:00:00,12734.079
1024,2018-05-09 00:00:00,14785.714
1025,2018-05-09 03:00:00,8719.075
1026,2018-05-09 06:00:00,16079.946
1027,2018-05-09 09:00:00,13287.29
1028,2018-05-09 12:00:00,9838.5205
1029,2018-05-09 15:00:00,13430.205
1030,2018-05-09 18:00:00,17614.635
1031,2018-05-09 21:00:00,10789.861
1032,2018-05-10 00:00:00,14062.457
1033,2018-05-10 03:00:00,14367.636
1034,2018-05-10 06:00:00,10161.279
1035,2018-05-10 09:00:00,-121.64963
1036,2018-05-10 12:00:00,14411.62
1037,2018-05-10 15:00:00,1349.4235
1038,2018-05-10 18:00:00,17332.145
1039,2018-05-10 21:00:00,4607.2354
1040,2018-05-11 00:00:00,14671.809
1041,2018-05-11 03:00:00,15578.645
1042,2018-05-11 06:00:00,13518.087
1043,2018-05-11 09:00:00,9986.482
1044,2018-05-11 12:00:00,13894.586
1045,2018-05-11 15:00:00,13166.768
1046,2018-05-11 18:00:00,10458.548
1047,2018-05-11 21:00:00,15349.295
1048,2018-05-12 00:00:00,11576.263
1049,2018-05-12 03:00:00,13100.528
1050,2018-05-12 06:00:00,3348.7493
1051,2018-05-12 09:00:00,12991.526
1052,2018-05-12 12:00:00,7778.8745
1053,2018-05-12 15:00:00,12948.084
1054,2018-05-12 18:00:00,16013.055
1055,2018-05-12 21:00:00,16175.596
1056,2018-05-13 00:00:00,13052.005
1057,2018-05-13 03:00:00,6326.6987
1058,2018-05-13 06:00:00,14544.795
1059,2018-05-13 09:00:00,5514.542
1060,2018-05-13 12:00:00,13634.219
1061,2018-05-13 15:00:00,13297.425
1062,2018-05-13 18:00:00,6152.848
1063,2018-05-13 21:00:00,17981.25
1064,2018-05-14 00:00:00,15046.133
1065,2018-05-14 03:00:00,12799.988
1066,2018-05-14 06:00:00,9805.066
1067,2018-05-14 09:00:00,4563.6284
1068,2018-05-14 12:00:00,10645.335
1069,2018-05-14 15:00:00,12415.713
1070,2018-05-14 18:00:00,10498.09
1071,2018-05-14 21:00:00,8281.53
1072,2018-05-15 00:00:00,15298.139
1073,2018-05-15 03:00:00,12321.576
1074,2018-05-15 06:00:00,12776.119
1075,2018-05-15 09:00:00,12840.6045
1076,2018-05-15 12:00:00,12923.467
1077,2018-05-15 15:00:00,7821.2144
1078,2018-05-15 18:00:00,3146.8254
1079,2018-05-15 21:00:00,11090.501
1080,2018-05-16 00:00:00,7836.049
1081,2018-05-16 03:00:00,13471.596
1082,2018-05-16 06:00:00,5147.17
1083,2018-05-16 09:00:00,13360.318
1084,2018-05-16 12:00:00,7623.31
1085,2018-05-16 15:00:00,11342.948
1086,2018-05-16 18:00:00,13157.156
1087,2018-05-16 21:00:00,13961.647
1088,2018-05-17 00:00:00,11047.049
1089,2018-05-17 03:00:00,7380.0376
1090,2018-05-17 06:00:00,15019.037
1091,2018-05-17 09:00:00,13103.273
1092,2018-05-17 12:00:00,11638.089
1093,2018-05-17 15:00:00,5969.4604
1094,2018-05-17 18:00:00,13818.766
1095,2018-05-17 21:00:00,10640.367
1096,2018-05-18 00:00:00,11545.683
1097,2018-05-18 03:00:00,9121.9375
1098,2018-05-18 06:00:00,14970.267
1099,2018-05-18 09:00:00,10727.906
1100,2018-05-18 12:00:00,7262.645
1101,2018-05-18 15:00:00,14376.229
1102,2018-05-18 18:00:00,14298.572
1103,2018-05-18 21:00:00,8493.583
1104,2018-05-19 00:00:00,13764.153
1105,2018-05-19 03:00:00,12867.141
1106,2018-05-19 06:00:00,11231.208
1107,2018-05-19 09:00:00,8663.058
1108,2018-05-19 12:00:00,12047.258
1109,2018-05-19 15:00:00,11431.01
1110,2018-05-19 18:00:00,5295.6123
1111,2018-05-19 21:00:00,11396.152
1112,2018-05-20 00:00:00,16463.121
1113,2018-05-20 03:00:00,16772.486
1114,2018-05-20 06:00:00,14837.282
1115,2018-05-20 09:00:00,15134.187
1116,2018-05-20 12:00:00,14290.118
1117,2018-05-20 15:00:00,14407.463
1118,2018-05-20 18:00:00,13404.349
1119,2018-05-20 21:00:00,3906.2295
1120,2018-05-21 00:00:00,8803.53
1121,2018-05-21 03:00:00,14190.675
1122,2018-05-21 06:00:00,6281.52
1123,2018-05-21 09:00:00,15200.293
1124,2018-05-21 12:00:00,4216.638
1125,2018-05-21 15:00:00,15853.682
1126,2018-05-21 18:00:00,8209.546
1127,2018-05-21 21:00:00,10842.682
1128,2018-05-22 00:00:00,5976.3364
1129,2018-05-22 03:00:00,8981.93
1130,2018-05-22 06:00:00,12225.718
1131,2018-05-22 09:00:00,6714.442
1132,2018-05-22 12:00:00,14750.264
1133,2018-05-22 15:00:00,11323.94
1134,2018-05-22 18:00:00,11753.151
1135,2018-05-22 21:00:00,7850.6646
1136,2018-05-23 00:00:00,13295.461
1137,2018-05-23 03:00:00,3065.7275
1138,2018-05-23 06:00:00,6474.227
1139,2018-05-23 09:00:00,12516.8955
1140,2018-05-23 12:00:00,6438.3364
1141,2018-05-23 15:00:00,15758.538
1142,2018-05-23 18:00:00,13004.348
1143,2018-05-23 21:00:00,13278.442
1144,2018-05-24 00:00:00,8617.721
1145,2018-05-24 03:00:00,10654.399
1146,2018-05-24 06:00:00,15511.751
1147,2018-05-24 09:00:00,17521.35
1148,2018-05-24 12:00:00,7873.91
1149,2018-05-24 15:00:00,13940.014
1150,2018-05-24 18:00:00,10074.48
1151,2018-05-24 21:00:00,4964.969
1152,2018-05-25 00:00:00,12030.194
1153,2018-05-25 03:00:00,14888.208
1154,2018-05-25 06:00:00,9225.816
1155,2018-05-25 09:00:00,3532.3599
1156,2018-05-25 12:00:00,15132.026
1157,2018-05-25 15:00:00,12405.093
1158,2018-05-25 18:00:00,12907.717
1159,2018-05-25 21:00:00,12950.425
1160,2018-05-26 00:00:00,-302.7491
1161,2018-05-26 03:00:00,13376.285
1162,2018-05-26 06:00:00,12158.669
1163,2018-05-26 09:00:00,9521.953
1164,2018-05-26 12:00:00,13942.098
1165,2018-05-26 15:00:00,9703.706
1166,2018-05-26 18:00:00,12562.38
1167,2018-05-26 21:00:00,14694.363
1168,2018-05-27 00:00:00,14366.546
1169,2018-05-27 03:00:00,12955.962
1170,2018-05-27 06:00:00,13131.508
1171,2018-05-27 09:00:00,7779.176
1172,2018-05-27 12:00:00,17183.305
1173,2018-05-27 15:00:00,11977.244
1174,2018-05-27 18:00:00,11743.099
1175,2018-05-27 21:00:00,9086.987
1176,2018-05-28 00:00:00,3332.2158
1177,2018-05-28 03:00:00,12436.796
1178,2018-05-28 06:00:00,10531.542
1179,2018-05-28 09:00:00,14556.867
1180,2018-05-28 12:00:00,11842.664
1181,2018-05-28 15:00:00,7784.32
1182,2018-05-28 18:00:00,11242.167
1183,2018-05-28 21:00:00,6644.597
1184,2018-05-29 00:00:00,9766.907
1185,2018-05-29 03:00:00,-1809.7384
1186,2018-05-29 06:00:00,10446.312
1187,2018-05-29 09:00:00,7013.965
1188,2018-05-29 12:00:00,8416.431
1189,2018-05-29 15:00:00,14611.026
1190,2018-05-29 18:00:00,13262.25
1191,2018-05-29 21:00:00,13774.196
1192,2018-05-30 00:00:00,8935.575
1193,2018-05-30 03:00:00,13316.35
1194,2018-05-30 06:00:00,10925.192
1195,2018-05-30 09:00:00,13049.262
1196,2018-05-30 12:00:00,3067.059
1197,2018-05-30 15:00:00,6989.59
1198,2018-05-30 18:00:00,4356.7573
1199,2018-05-30 21:00:00,7557.4175
1200,2018-05-31 00:00:00,14542.981
1201,2018-05-31 03:00:00,2753.4082
1202,2018-05-31 06:00:00,7385.244
1203,2018-05-31 09:00:00,9640.029
1204,2018-05-31 12:00:00,13664.591
1205,2018-05-31 15:00:00,14120.929
1206,2018-05-31 18:00:00,14070.798
1207,2018-05-31 21:00:00,6838.7627
1208,2018-06-01 00:00:00,14425.695
1209,2018-06-01 03:00:00,11796.495
1210,2018-06-01 06:00:00,12206.672
1211,2018-06-01 09:00:00,15804.411
1212,2018-06-01 12:00:00,14065.652
1213,2018-06-01 15:00:00,9990.513
1214,2018-06-01 18:00:00,8829.835
1215,2018-06-01 21:00:00,17253.318
1216,2018-06-02 00:00:00,13018.758
1217,2018-06-02 03:00:00,9472.564
1218,2018-06-02 06:00:00,18167.943
1219,2018-06-02 09:00:00,9734.652
1220,2018-06-02 12:00:00,14194.061
1221,2018-06-02 15:00:00,8644.875
1222,2018-06-02 18:00:00,9752.494
1223,2018-06-02 21:00:00,10887.234
1224,2018-06-03 00:00:00,7869.4893
1225,2018-06-03 03:00:00,2424.0364
1226,2018-06-03 06:00:00,9725.457
1227,2018-06-03 09:00:00,6200.702
1228,2018-06-03 12:00:00,12285.814
1229,2018-06-03 15:00:00,6894.6426
1230,2018-06-03 18:00:00,7496.744
1231,2018-06-03 21:00:00,13663.417
1232,2018-06-04 00:00:00,2944.8901
1233,2018-06-04 03:00:00,3954.9668
1234,2018-06-04 06:00:00,4096.327
1235,2018-06-04 09:00:00,12839.847
1236,2018-06-04 12:00:00,13498.116
1237,2018-06-04 15:00:00,12610.525
1238,2018-06-04 18:00:00,14473.382
1239,2018-06-04 21:00:00,13421.272
1240,2018-06-05 00:00:00,12296.882
1241,2018-06-05 03:00:00,11443.213
1242,2018-06-05 06:00:00,13330.512
1243,2018-06-05 09:00:00,11347.471
1244,2018-06-05 12:00:00,14585.981
1245,2018-06-05 15:00:00,17712.32
1246,2018-06-05 18:00:00,6628.414
1247,2018-06-05 21:00:00,9588.257
1248,2018-06-06 00:00:00,11131.693
1249,2018-06-06 03:00:00,13933.373
1250,2018-06-06 06:00:00,14524.662
1251,2018-06-06 09:00:00,13828.92
1252,2018-06-06 12:00:00,15488.461
1253,2018-06-06 15:00:00,14859.443
1254,2018-06-06 18:00:00,14467.754
1255,2018-06-06 21:00:00,13922.79
1256,2018-06-07 00:00:00,14915.6
1257,2018-06-07 03:00:00,11598.3
1258,2018-06-07 06:00:00,13742.448
1259,2018-06-07 09:00:00,1194.6611
1260,2018-06-07 12:00:00,13997.462
1261,2018-06-07 15:00:00,10126.71
1262,2018-06-07 18:00:00,10015.781
1263,2018-06-07 21:00:00,10374.693
1264,2018-06-08 00:00:00,11975.52
1265,2018-06-08 03:00:00,10402.259
1266,2018-06-08 06:00:00,13957.392
1267,2018-06-08 09:00:00,7475.7197
1268,2018-06-08 12:00:00,5773.7163
1269,2018-06-08 15:00:00,17407.324
1270,2018-06-08 18:00:00,13114.822
1271,2018-06-08 21:00:00,11393.912
1272,2018-06-09 00:00:00,12519.239
1273,2018-06-09 03:00:00,8559.588
1274,2018-06-09 06:00:00,7576.3438
1275,2018-06-09 09:00:00,18254.893
1276,2018-06-09 12:00:00,7656.0225
1277,2018-06-09 15:00:00,11701.712
1278,2018-06-09 18:00:00,15332.413
1279,2018-06-09 21:00:00,8839.262
1280,2018-06-10 00:00:00,13635.01
1281,2018-06-10 03:00:00,3069.4937
1282,2018-06-10 06:00:00,4753.407
1283,2018-06-10 09:00:00,15652.576
1284,2018-06-10 12:00:00,9866.153
1285,2018-06-10 15:00:00,14067.674
1286,2018-06-10 18:00:00,14051.699
1287,2018-06-10 21:00:00,13428.131
1288,2018-06-11 00:00:00,5500.454
1289,2018-06-11 03:00:00,11957.42
1290,2018-06-11 06:00:00,476.54434
1291,2018-06-11 09:00:00,6879.8403
1292,2018-06-11 12:00:00,12600.817
1293,2018-06-11 15:00:00,5304.0806
1294,2018-06-11 18:00:00,9550.867
1295,2018-06-11 21:00:00,5834.7295
1296,2018-06-12 00:00:00,7079.15
1297,2018-06-12 03:00:00,4951.7114
1298,2018-06-12 06:00:00,11362.288
1299,2018-06-12 09:00:00,5635.8423
1300,2018-06-12 12:00:00,13911.599
1301,2018-06-12 15:00:00,10715.508
1302,2018-06-12 18:00:00,8693.398
1303,2018-06-12 21:00:00,3977.4336
1304,2018-06-13 00:00:00,15599.882
1305,2018-06-13 03:00:00,8557.09
1306,2018-06-13 06:00:00,12466.27
1307,2018-06-13 09:00:00,14626.222
1308,2018-06-13 12:00:00,7187.9414
1309,2018-06-13 15:00:00,4763.8633
1310,2018-06-13 18:00:00,16160.538
1311,2018-06-13 21:00:00,11592.662
1312,2018-06-14 00:00:00,13648.337
1313,2018-06-14 03:00:00,14172.917
1314,2018-06-14 06:00:00,7004.359
1315,2018-06-14 09:00:00,9300.992
1316,2018-06-14 12:00:00,8335.0625
1317,2018-06-14 15:00:00,9345.494
1318,2018-06-14 18:00:00,10464.835
1319,2018-06-14 21:00:00,6974.1167
1320,2018-06-15 00:00:00,8324.311
1321,2018-06-15 03:00:00,1878.6798
1322,2018-06-15 06:00:00,12041.378
1323,2018-06-15 09:00:00,7312.194
1324,2018-06-15 12:00:00,14649.629
1325,2018-06-15 15:00:00,12003.927
1326,2018-06-15 18:00:00,7107.1255
1327,2018-06-15 21:00:00,-1867.1029
1328,2018-06-16 00:00:00,17375.514
1329,2018-06-16 03:00:00,13922.756
1330,2018-06-16 06:00:00,10034.649
1331,2018-06-16 09:00:00,9564.445
1332,2018-06-16 12:00:00,13593.97
1333,2018-06-16 15:00:00,7508.3984
1334,2018-06-16 18:00:00,4953.28
1335,2018-06-16 21:00:00,13506.518
1336,2018-06-17 00:00:00,8602.786
1337,2018-06-17 03:00:00,10748.055
1338,2018-06-17 06:00:00,1971.9167
1339,2018-06-17 09:00:00,9463.95
1340,2018-06-17 12:00:00,10367.479
1341,2018-06-17 15:00:00,10564.691
1342,2018-06-17 18:00:00,13171.064
1343,2018-06-17 21:00:00,5766.108
1344,2018-06-18 00:00:00,14857.748
1345,2018-06-18 03:00:00,5388.0176
1346,2018-06-18 06:00:00,2932.9158
1347,2018-06-18 09:00:00,5399.4956
1348,2018-06-18 12:00:00,7734.6885
1349,2018-06-18 15:00:00,7241.7236
1350,2018-06-18 18:00:00,12040.664
1351,2018-06-18 21:00:00,6511.877
1352,2018-06-19 00:00:00,8486.991
1353,2018-06-19 03:00:00,8168.954
1354,2018-06-19 06:00:00,5929.184
1355,2018-06-19 09:00:00,8002.7617
1356,2018-06-19 12:00:00,11992.415
1357,2018-06-19 15:00:00,7285.6616
1358,2018-06-19 18:00:00,9379.227
1359,2018-06-19 21:00:00,16070.417
1360,2018-06-20 00:00:00,10848.914
1361,2018-06-20 03:00:00,10370.164
1362,2018-06-20 06:00:00,10515.672
1363,2018-06-20 09:00:00,11958.529
1364,2018-06-20 12:00:00,6788.8145
1365,2018-06-20 15:00:00,15620.028
1366,2018-06-20 18:00:00,15620.588
1367,2018-06-20 21:00:00,412.03427
1368,2018-06-21 00:00:00,12011.554
1369,2018-06-21 03:00:00,9117.3125
1370,2018-06-21 06:00:00,10487.575
1371,2018-06-21 09:00:00,9790.4
1372,2018-06-21 12:00:00,10068.562
1373,2018-06-21 15:00:00,12645.968
1374,2018-06-21 18:00:00,12520.111
1375,2018-06-21 21:00:00,12680.713
1376,2018-06-22 00:00:00,5071.136
1377,2018-06-22 03:00:00,5778.9355
1378,2018-06-22 06:00:00,6691.9067
1379,2018-06-22 09:00:00,11676.433
1380,2018-06-22 12:00:00,12768.208
1381,2018-06-22 15:00:00,9189.303
1382,2018-06-22 18:00:00,10249.355
1383,2018-06-22 21:00:00,3415.1924
1384,2018-06-23 00:00:00,11569.242
1385,2018-06-23 03:00:00,6050.4473
1386,2018-06-23 06:00:00,10837.826
1387,2018-06-23 09:00:00,10080.852
1388,2018-06-23 12:00:00,13871.038
1389,2018-06-23 15:00:00,7939.973
1390,2018-06-23 18:00:00,13223.804
1391,2018-06-23 21:00:00,13414.591
1392,2018-06-24 00:00:00,10959.067
1393,2018-06-24 03:00:00,3298.3323
1394,2018-06-24 06:00:00,13848.312
1395,2018-06-24 09:00:00,13186.569
1396,2018-06-24 12:00:00,1849.615
1397,2018-06-24 15:00:00,14749.887
1398,2018-06-24 18:00:00,11116.153
1399,2018-06-24 21:00:00,6204.152
1400,2018-06-25 00:00:00,12886.693
1401,2018-06-25 03:00:00,13938.5625
1402,2018-06-25 06:00:00,6587.1265
1403,2018-06-25 09:00:00,14326.706
1404,2018-06-25 12:00:00,10235.585
1405,2018-06-25 15:00:00,10715.547
1406,2018-06-25 18:00:00,3352.3662
1407,2018-06-25 21:00:00,14457.034
1408,2018-06-26 00:00:00,9263.219
1409,2018-06-26 03:00:00,6899.9487
1410,2018-06-26 06:00:00,5406.1685
1411,2018-06-26 09:00:00,7341.4443
1412,2018-06-26 12:00:00,12214.358
1413,2018-06-26 15:00:00,11143.445
1414,2018-06-26 18:00:00,13625.516
1415,2018-06-26 21:00:00,7231.244
1416,2018-06-27 00:00:00,9596.877
1417,2018-06-27 03:00:00,10019.997
1418,2018-06-27 06:00:00,10142.396
1419,2018-06-27 09:00:00,9219.099
1420,2018-06-27 12:00:00,11508.554
1421,2018-06-27 15:00:00,11770.657
1422,2018-06-27 18:00:00,13235.58
1423,2018-06-27 21:00:00,6760.7334
1424,2018-06-28 00:00:00,9280.584
1425,2018-06-28 03:00:00,11294.585
1426,2018-06-28 06:00:00,12233.268
1427,2018-06-28 09:00:00,7082.872
1428,2018-06-28 12:00:00,8155.3926
1429,2018-06-28 15:00:00,8451.738
1430,2018-06-28 18:00:00,7504.1934
1431,2018-06-28 21:00:00,13261.84
1432,2018-06-29 00:00:00,11505.667
1433,2018-06-29 03:00:00,7391.85
1434,2018-06-29 06:00:00,12172.629
1435,2018-06-29 09:00:00,11975.264
1436,2018-06-29 12:00:00,15066.055
1437,2018-06-29 15:00:00,7789.7197
1438,2018-06-29 18:00:00,8819.1455
1439,2018-06-29 21:00:00,7880.948
1440,2018-06-30 00:00:00,10859.901
1441,2018-06-30 03:00:00,17051.174
1442,2018-06-30 06:00:00,9162.789
1443,2018-06-30 09:00:00,11096.928
1444,2018-06-30 12:00:00,12675.1455
1445,2018-06-30 15:00:00,13776.024
1446,2018-06-30 18:00:00,15962.511
1447,2018-06-30 21:00:00,12997.1455
1448,2018-07-01 00:00:00,13315.851
1449,2018-07-01 03:00:00,10922.512
1450,2018-07-01 06:00:00,11424.056
1451,2018-07-01 09:00:00,15260.652
1452,2018-07-01 12:00:00,8956.676
1453,2018-07-01 15:00:00,15002.238
1454,2018-07-01 18:00:00,15097.687
1455,2018-07-01 21:00:00,7680.0884
1456,2018-07-02 00:00:00,12388.894
1457,2018-07-02 03:00:00,9162.699
1458,2018-07-02 06:00:00,5434.9116
1459,2018-07-02 09:00:00,6485.472
1460,2018-07-02 12:00:00,8332.081
1461,2018-07-02 15:00:00,13002.961
1462,2018-07-02 18:00:00,8542.306
1463,2018-07-02 21:00:00,14406.762
1464,2018-07-03 00:00:00,13569.536
1465,2018-07-03 03:00:00,13083.553
1466,2018-07-03 06:00:00,9816.941
1467,2018-07-03 09:00:00,13277.978
1468,2018-07-03 12:00:00,9036.876
1469,2018-07-03 15:00:00,7612.225
1470,2018-07-03 18:00:00,14291.971
1471,2018-07-03 21:00:00,10897.23
1472,2018-07-04 00:00:00,14755.315
1473,2018-07-04 03:00:00,8438.074
1474,2018-07-04 06:00:00,13628.338
1475,2018-07-04 09:00:00,13872.189
1476,2018-07-04 12:00:00,17174.467
1477,2018-07-04 15:00:00,9559.002
1478,2018-07-04 18:00:00,12932.013
1479,2018-07-04 21:00:00,8193.495
1480,2018-07-05 00:00:00,12617.644
1481,2018-07-05 03:00:00,12999.581
1482,2018-07-05 06:00:00,9165.18
1483,2018-07-05 09:00:00,15488.238
1484,2018-07-05 12:00:00,10634.261
1485,2018-07-05 15:00:00,11628.166
1486,2018-07-05 18:00:00,10490.242
1487,2018-07-05 21:00:00,14327.264
1488,2018-07-06 00:00:00,13918.854
1489,2018-07-06 03:00:00,13217.601
1490,2018-07-06 06:00:00,11469.329
1491,2018-07-06 09:00:00,14203.256
1492,2018-07-06 12:00:00,3437.198
1493,2018-07-06 15:00:00,6761.6562
1494,2018-07-06 18:00:00,16536.416
1495,2018-07-06 21:00:00,10206.763
1496,2018-07-07 00:00:00,8088.0923
1497,2018-07-07 03:00:00,11856.828
1498,2018-07-07 06:00:00,15825.881
1499,2018-07-07 09:00:00,9251.635
1500,2018-07-07 12:00:00,8820.257
1501,2018-07-07 15:00:00,14585.178
1502,2018-07-07 18:00:00,13291.99
1503,2018-07-07 21:00:00,16446.678
1504,2018-07-08 00:00:00,13404.161
1505,2018-07-08 03:00:00,16306.231
1506,2018-07-08 06:00:00,5340.238
1507,2018-07-08 09:00:00,11688.345
1508,2018-07-08 12:00:00,10782.807
1509,2018-07-08 15:00:00,11006.457
1510,2018-07-08 18:00:00,4943.1924
1511,2018-07-08 21:00:00,17669.736
1512,2018-07-09 00:00:00,10179.465
1513,2018-07-09 03:00:00,11152.325
1514,2018-07-09 06:00:00,10653.385
1515,2018-07-09 09:00:00,8094.4873
1516,2018-07-09 12:00:00,16287.056
1517,2018-07-09 15:00:00,9005.274
1518,2018-07-09 18:00:00,10399.897
1519,2018-07-09 21:00:00,15211.271
1520,2018-07-10 00:00:00,18094.342
1521,2018-07-10 03:00:00,7547.8623
1522,2018-07-10 06:00:00,5746.661
1523,2018-07-10 09:00:00,10258.295
1524,2018-07-10 12:00:00,9870.81
1525,2018-07-10 15:00:00,10597.359
1526,2018-07-10 18:00:00,12867.857
1527,2018-07-10 21:00:00,6579.2505
1528,2018-07-11 00:00:00,5276.6836
1529,2018-07-11 03:00:00,11125.229
1530,2018-07-11 06:00:00,13085.8545
1531,2018-07-11 09:00:00,13761.097
1532,2018-07-11 12:00:00,9422.245
1533,2018-07-11 15:00:00,11394.284
1534,2018-07-11 18:00:00,10949.766
1535,2018-07-11 21:00:00,11062.967
1536,2018-07-12 00:00:00,12705.196
1537,2018-07-12 03:00:00,14653.921
1538,2018-07-12 06:00:00,11887.702
1539,2018-07-12 09:00:00,6800.7485
1540,2018-07-12 12:00:00,13750.451
1541,2018-07-12 15:00:00,15550.114
1542,2018-07-12 18:00:00,11728.037
1543,2018-07-12 21:00:00,15156.943
1544,2018-07-13 00:00:00,4078.9941
1545,2018-07-13 03:00:00,10466.317
1546,2018-07-13 06:00:00,10096.524
1547,2018-07-13 09:00:00,10027.81
1548,2018-07-13 12:00:00,11393.609
1549,2018-07-13 15:00:00,14047.749
1550,2018-07-13 18:00:00,12797.209
1551,2018-07-13 21:00:00,11982.401
1552,2018-07-14 00:00:00,8268.3
1553,2018-07-14 03:00:00,12558.054
1554,2018-07-14 06:00:00,7325.9087
1555,2018-07-14 09:00:00,7739.897
1556,2018-07-14 12:00:00,13761.794
1557,2018-07-14 15:00:00,13161.672
1558,2018-07-14 18:00:00,13847.113
1559,2018-07-14 21:00:00,10183.636
1560,2018-07-15 00:00:00,16207.895
1561,2018-07-15 03:00:00,12186.482
1562,2018-07-15 06:00:00,14049.64
1563,2018-07-15 09:00:00,5274.1294
1564,2018-07-15 12:00:00,7698.7993
1565,2018-07-15 15:00:00,14351.642
1566,2018-07-15 18:00:00,8091.2075
1567,2018-07-15 21:00:00,15907.61
1568,2018-07-16 00:00:00,11603.523
1569,2018-07-16 03:00:00,16978.396
1570,2018-07-16 06:00:00,5784.3916
1571,2018-07-16 09:00:00,14202.327
1572,2018-07-16 12:00:00,1064.4507
1573,2018-07-16 15:00:00,10654.638
1574,2018-07-16 18:00:00,8451.138
1575,2018-07-16 21:00:00,7637.9854
1576,2018-07-17 00:00:00,5546.0425
1577,2018-07-17 03:00:00,9333.47
1578,2018-07-17 06:00:00,7940.2026
1579,2018-07-17 09:00:00,10997.068
1580,2018-07-17 12:00:00,8159.711
1581,2018-07-17 15:00:00,8171.28
1582,2018-07-17 18:00:00,8893.803
1583,2018-07-17 21:00:00,5531.931
1584,2018-07-18 00:00:00,14058.577
1585,2018-07-18 03:00:00,10347.314
1586,2018-07-18 06:00:00,11752.723
1587,2018-07-18 09:00:00,11841.861
1588,2018-07-18 12:00:00,15688.106
1589,2018-07-18 15:00:00,15014.549
1590,2018-07-18 18:00:00,11399.08
1591,2018-07-18 21:00:00,15043.207
1592,2018-07-19 00:00:00,12159.531
1593,2018-07-19 03:00:00,10785.519
1594,2018-07-19 06:00:00,10018.931
1595,2018-07-19 09:00:00,8247.743
1596,2018-07-19 12:00:00,7863.727
1597,2018-07-19 15:00:00,13185.859
1598,2018-07-19 18:00:00,12678.431
1599,2018-07-19 21:00:00,10116.682
1600,2018-07-20 00:00:00,11714.399
1601,2018-07-20 03:00:00,14558.173
1602,2018-07-20 06:00:00,5421.419
1603,2018-07-20 09:00:00,11470.41
1604,2018-07-20 12:00:00,10503.273
1605,2018-07-20 15:00:00,3761.755
1606,2018-07-20 18:00:00,11862.867
1607,2018-07-20 21:00:00,10174.899
1608,2018-07-21 00:00:00,16008.692
1609,2018-07-21 03:00:00,8249.536
1610,2018-07-21 06:00:00,15294.767
1611,2018-07-21 09:00:00,9736.764
1612,2018-07-21 12:00:00,7454.19
1613,2018-07-21 15:00:00,6222.561
1614,2018-07-21 18:00:00,10059.751
1615,2018-07-21 21:00:00,7996.911
1616,2018-07-22 00:00:00,10051.965
1617,2018-07-22 03:00:00,8331.183
1618,2018-07-22 06:00:00,7496.262
1619,2018-07-22 09:00:00,14043.35
1620,2018-07-22 12:00:00,10632.742
1621,2018-07-22 15:00:00,14075.766
1622,2018-07-22 18:00:00,13910.075
1623,2018-07-22 21:00:00,5590.672
1624,2018-07-23 00:00:00,16016.854
1625,2018-07-23 03:00:00,3995.2107
1626,2018-07-23 06:00:00,11505.052
1627,2018-07-23 09:00:00,14709.85
1628,2018-07-23 12:00:00,4125.1704
1629,2018-07-23 15:00:00,12695.776
1630,2018-07-23 18:00:00,10196.431
1631,2018-07-23 21:00:00,6981.5386
1632,2018-07-24 00:00:00,15106.591
1633,2018-07-24 03:00:00,12330.376
1634,2018-07-24 06:00:00,14250.856
1635,2018-07-24 09:00:00,8608.429
1636,2018-07-24 12:00:00,15788.78
1637,2018-07-24 15:00:00,12747.5
1638,2018-07-24 18:00:00,14145.718
1639,2018-07-24 21:00:00,10925.291
1640,2018-07-25 00:00:00,8172.679
1641,2018-07-25 03:00:00,15251.192
1642,2018-07-25 06:00:00,7865.53
1643,2018-07-25 09:00:00,4561.5674
1644,2018-07-25 12:00:00,6620.4395
1645,2018-07-25 15:00:00,15152.303
1646,2018-07-25 18:00:00,11434.324
1647,2018-07-25 21:00:00,13953.77
1648,2018-07-26 00:00:00,13398.462
1649,2018-07-26 03:00:00,7455.2354
1650,2018-07-26 06:00:00,12969.534
1651,2018-07-26 09:00:00,8956.44
1652,2018-07-26 12:00:00,12657.017
1653,2018-07-26 15:00:00,14190.247
1654,2018-07-26 18:00:00,14381.771
1655,2018-07-26 21:00:00,13679.739
1656,2018-07-27 00:00:00,12749.4795
1657,2018-07-27 03:00:00,14130.546
1658,2018-07-27 06:00:00,11417.029
1659,2018-07-27 09:00:00,6183.935
1660,2018-07-27 12:00:00,8293.315
1661,2018-07-27 15:00:00,8974.462
1662,2018-07-27 18:00:00,14944.909
1663,2018-07-27 21:00:00,6159.218
1664,2018-07-28 00:00:00,13563.058
1665,2018-07-28 03:00:00,4509.669
1666,2018-07-28 06:00:00,10758.411
1667,2018-07-28 09:00:00,11910.499
1668,2018-07-28 12:00:00,12391.043
1669,2018-07-28 15:00:00,11976.982
1670,2018-07-28 18:00:00,10666.873
1671,2018-07-28 21:00:00,7240.182
1672,2018-07-29 00:00:00,11658.216
1673,2018-07-29 03:00:00,10376.858
1674,2018-07-29 06:00:00,6116.1797
1675,2018-07-29 09:00:00,6009.407
1676,2018-07-29 12:00:00,13731.532
1677,2018-07-29 15:00:00,8295.358
1678,2018-07-29 18:00:00,10979.041
1679,2018-07-29 21:00:00,11104.812
1680,2018-07-30 00:00:00,10490.922
1681,2018-07-30 03:00:00,12041.521
1682,2018-07-30 06:00:00,12885.05
1683,2018-07-30 09:00:00,14063.764
1684,2018-07-30 12:00:00,13515.711
1685,2018-07-30 15:00:00,9989.928
1686,2018-07-30 18:00:00,11547.279
1687,2018-07-30 21:00:00,13503.945
1688,2018-07-31 00:00:00,14100.94
1689,2018-07-31 03:00:00,14624.36
1690,2018-07-31 06:00:00,10004.355
1691,2018-07-31 09:00:00,8637.305
1692,2018-07-31 12:00:00,12190.791
1693,2018-07-31 15:00:00,1917.7666
1694,2018-07-31 18:00:00,12842.498
1695,2018-07-31 21:00:00,10272.791
1696,2018-08-01 00:00:00,3689.7874
1697,2018-08-01 03:00:00,12265.074
1698,2018-08-01 06:00:00,6681.257
1699,2018-08-01 09:00:00,8995.015
1700,2018-08-01 12:00:00,11322.776
1701,2018-08-01 15:00:00,12415.11
1702,2018-08-01 18:00:00,11292.471
1703,2018-08-01 21:00:00,8815.672
1704,2018-08-02 00:00:00,11276.393
1705,2018-08-02 03:00:00,7429.951
1706,2018-08-02 06:00:00,9968.01
1707,2018-08-02 09:00:00,10993.868
1708,2018-08-02 12:00:00,2621.8528
1709,2018-08-02 15:00:00,13098.273
1710,2018-08-02 18:00:00,14013.144
1711,2018-08-02 21:00:00,5295.276
1712,2018-08-03 00:00:00,10194.517
1713,2018-08-03 03:00:00,8331.471
1714,2018-08-03 06:00:00,14218.938
1715,2018-08-03 09:00:00,14698.374
1716,2018-08-03 12:00:00,5547.4746
1717,2018-08-03 15:00:00,13065.318
1718,2018-08-03 18:00:00,5937.455
1719,2018-08-03 21:00:00,10276.637
1720,2018-08-04 00:00:00,14695.408
1721,2018-08-04 03:00:00,12176.983
1722,2018-08-04 06:00:00,11866.34
1723,2018-08-04 09:00:00,2741.2112
1724,2018-08-04 12:00:00,4649.3267
1725,2018-08-04 15:00:00,13997.283
1726,2018-08-04 18:00:00,3928.3652
1727,2018-08-04 21:00:00,13496.218
1728,2018-08-05 00:00:00,2718.0112
1729,2018-08-05 03:00:00,13444.651
1730,2018-08-05 06:00:00,13031.349
1731,2018-08-05 09:00:00,12114.979
1732,2018-08-05 12:00:00,13797.058
1733,2018-08-05 15:00:00,13951.564
1734,2018-08-05 18:00:00,12035.49
1735,2018-08-05 21:00:00,14691.081
1736,2018-08-06 00:00:00,13047.418
1737,2018-08-06 03:00:00,12339.349
1738,2018-08-06 06:00:00,9632.346
1739,2018-08-06 09:00:00,14115.575
1740,2018-08-06 12:00:00,8206.347
1741,2018-08-06 15:00:00,4132.0894
1742,2018-08-06 18:00:00,15321.272
1743,2018-08-06 21:00:00,13046.079
1744,2018-08-07 00:00:00,15074.785
1745,2018-08-07 03:00:00,2295.2642
1746,2018-08-07 06:00:00,5447.852
1747,2018-08-07 09:00:00,12259.525
1748,2018-08-07 12:00:00,9239.498
1749,2018-08-07 15:00:00,14677.873
1750,2018-08-07 18:00:00,11460.333
1751,2018-08-07 21:00:00,7084.708
1752,2018-08-08 00:00:00,5918.7246
1753,2018-08-08 03:00:00,
1754,2018-08-08 06:00:00,
1755,2018-08-08 09:00:00,
1756,2018-08-08 12:00:00,
1757,2018-08-08 15:00:00,
1758,2018-08-08 18:00:00,
1759,2018-08-08 21:00:00,
1760,2018-08-09 00:00:00,
1761,2018-08-09 03:00:00,
1762,2018-08-09 06:00:00,
1763,2018-08-09 09:00:00,
1764,2018-08-09 12:00:00,
1765,2018-08-09 15:00:00,
1766,2018-08-09 18:00:00,
1767,2018-08-09 21:00:00,
1768,2018-08-10 00:00:00,
1769,2018-08-10 03:00:00,
1770,2018-08-10 06:00:00,
1771,2018-08-10 09:00:00,
1772,2018-08-10 12:00:00,
1773,2018-08-10 15:00:00,
1774,2018-08-10 18:00:00,
1775,2018-08-10 21:00:00,
1776,2018-08-11 00:00:00,
1777,2018-08-11 03:00:00,
1778,2018-08-11 06:00:00,
1779,2018-08-11 09:00:00,
1780,2018-08-11 12:00:00,
1781,2018-08-11 15:00:00,
1782,2018-08-11 18:00:00,
1783,2018-08-11 21:00:00,
1784,2018-08-12 00:00:00,
1785,2018-08-12 03:00:00,
1786,2018-08-12 06:00:00,
1787,2018-08-12 09:00:00,
1788,2018-08-12 12:00:00,
1789,2018-08-12 15:00:00,
1790,2018-08-12 18:00:00,
1791,2018-08-12 21:00:00,
1792,2018-08-13 00:00:00,
1793,2018-08-13 03:00:00,
1794,2018-08-13 06:00:00,
1795,2018-08-13 09:00:00,
1796,2018-08-13 12:00:00,
1797,2018-08-13 15:00:00,
1798,2018-08-13 18:00:00,
1799,2018-08-13 21:00:00,
1800,2018-08-14 00:00:00,
1801,2018-08-14 03:00:00,
1802,2018-08-14 06:00:00,
1803,2018-08-14 09:00:00,
1804,2018-08-14 12:00:00,
1805,2018-08-14 15:00:00,
1806,2018-08-14 18:00:00,
1807,2018-08-14 21:00:00,
1808,2018-08-15 00:00:00,
1809,2018-08-15 03:00:00,
1810,2018-08-15 06:00:00,
1811,2018-08-15 09:00:00,
1812,2018-08-15 12:00:00,
1813,2018-08-15 15:00:00,
1814,2018-08-15 18:00:00,
1815,2018-08-15 21:00:00,
1816,2018-08-16 00:00:00,
1817,2018-08-16 03:00:00,
1818,2018-08-16 06:00:00,
1819,2018-08-16 09:00:00,
1820,2018-08-16 12:00:00,
1821,2018-08-16 15:00:00,
1822,2018-08-16 18:00:00,
1823,2018-08-16 21:00:00,
1824,2018-08-17 00:00:00,
1825,2018-08-17 03:00:00,
1826,2018-08-17 06:00:00,
1827,2018-08-17 09:00:00,
1828,2018-08-17 12:00:00,
1829,2018-08-17 15:00:00,
1830,2018-08-17 18:00:00,
1831,2018-08-17 21:00:00,
1832,2018-08-18 00:00:00,
1833,2018-08-18 03:00:00,
1834,2018-08-18 06:00:00,
1835,2018-08-18 09:00:00,
1836,2018-08-18 12:00:00,
1837,2018-08-18 15:00:00,
1838,2018-08-18 18:00:00,
1839,2018-08-18 21:00:00,
1840,2018-08-19 00:00:00,
1841,2018-08-19 03:00:00,
1842,2018-08-19 06:00:00,
1843,2018-08-19 09:00:00,
1844,2018-08-19 12:00:00,
1845,2018-08-19 15:00:00,
1846,2018-08-19 18:00:00,
1847,2018-08-19 21:00:00,
1848,2018-08-20 00:00:00,
1849,2018-08-20 03:00:00,
1850,2018-08-20 06:00:00,
1851,2018-08-20 09:00:00,
1852,2018-08-20 12:00:00,
1853,2018-08-20 15:00:00,
1854,2018-08-20 18:00:00,
1855,2018-08-20 21:00:00,
1856,2018-08-21 00:00:00,
1857,2018-08-21 03:00:00,
1858,2018-08-21 06:00:00,
1859,2018-08-21 09:00:00,
1860,2018-08-21 12:00:00,
1861,2018-08-21 15:00:00,
1862,2018-08-21 18:00:00,
1863,2018-08-21 21:00:00,
1864,2018-08-22 00:00:00,
1865,2018-08-22 03:00:00,
1866,2018-08-22 06:00:00,
1867,2018-08-22 09:00:00,
1868,2018-08-22 12:00:00,
1869,2018-08-22 15:00:00,
1870,2018-08-22 18:00:00,
1871,2018-08-22 21:00:00,
1872,2018-08-23 00:00:00,
1873,2018-08-23 03:00:00,
1874,2018-08-23 06:00:00,
1875,2018-08-23 09:00:00,
1876,2018-08-23 12:00:00,
1877,2018-08-23 15:00:00,
1878,2018-08-23 18:00:00,
1879,2018-08-23 21:00:00,
1880,2018-08-24 00:00:00,
1881,2018-08-24 03:00:00,
1882,2018-08-24 06:00:00,
1883,2018-08-24 09:00:00,
1884,2018-08-24 12:00:00,
1885,2018-08-24 15:00:00,
1886,2018-08-24 18:00:00,
1887,2018-08-24 21:00:00,
1888,2018-08-25 00:00:00,
1889,2018-08-25 03:00:00,
1890,2018-08-25 06:00:00,
1891,2018-08-25 09:00:00,
1892,2018-08-25 12:00:00,
1893,2018-08-25 15:00:00,
1894,2018-08-25 18:00:00,
1895,2018-08-25 21:00:00,
1896,2018-08-26 00:00:00,
1897,2018-08-26 03:00:00,
1898,2018-08-26 06:00:00,
1899,2018-08-26 09:00:00,
1900,2018-08-26 12:00:00,
1901,2018-08-26 15:00:00,
1902,2018-08-26 18:00:00,
1903,2018-08-26 21:00:00,
1904,2018-08-27 00:00:00,
1905,2018-08-27 03:00:00,
1906,2018-08-27 06:00:00,
1907,2018-08-27 09:00:00,
1908,2018-08-27 12:00:00,
1909,2018-08-27 15:00:00,
1910,2018-08-27 18:00:00,
1911,2018-08-27 21:00:00,
1912,2018-08-28 00:00:00,
1913,2018-08-28 03:00:00,
1914,2018-08-28 06:00:00,
1915,2018-08-28 09:00:00,
1916,2018-08-28 12:00:00,
1917,2018-08-28 15:00:00,
1918,2018-08-28 18:00:00,
1919,2018-08-28 21:00:00,
1920,2018-08-29 00:00:00,
1921,2018-08-29 03:00:00,
1922,2018-08-29 06:00:00,
1923,2018-08-29 09:00:00,
1924,2018-08-29 12:00:00,
1925,2018-08-29 15:00:00,
1926,2018-08-29 18:00:00,
1927,2018-08-29 21:00:00,
1928,2018-08-30 00:00:00,
1929,2018-08-30 03:00:00,
1930,2018-08-30 06:00:00,
1931,2018-08-30 09:00:00,
1932,2018-08-30 12:00:00,
1933,2018-08-30 15:00:00,
1934,2018-08-30 18:00:00,
1935,2018-08-30 21:00:00,
1936,2018-08-31 00:00:00,
1937,2018-08-31 03:00:00,
1938,2018-08-31 06:00:00,
1939,2018-08-31 09:00:00,
1940,2018-08-31 12:00:00,
1941,2018-08-31 15:00:00,
1942,2018-08-31 18:00:00,
1943,2018-08-31 21:00:00,
1944,2018-09-01 00:00:00,
1945,2018-09-01 03:00:00,
1946,2018-09-01 06:00:00,
1947,2018-09-01 09:00:00,
1948,2018-09-01 12:00:00,
1949,2018-09-01 15:00:00,
1950,2018-09-01 18:00:00,
1951,2018-09-01 21:00:00,
1952,2018-09-02 00:00:00,
1953,2018-09-02 03:00:00,
1954,2018-09-02 06:00:00,
1955,2018-09-02 09:00:00,
1956,2018-09-02 12:00:00,
1957,2018-09-02 15:00:00,
1958,2018-09-02 18:00:00,
1959,2018-09-02 21:00:00,
1960,2018-09-03 00:00:00,
1961,2018-09-03 03:00:00,
1962,2018-09-03 06:00:00,
1963,2018-09-03 09:00:00,
1964,2018-09-03 12:00:00,
1965,2018-09-03 15:00:00,
1966,2018-09-03 18:00:00,
1967,2018-09-03 21:00:00,
1968,2018-09-04 00:00:00,
1969,2018-09-04 03:00:00,
1970,2018-09-04 06:00:00,
1971,2018-09-04 09:00:00,
1972,2018-09-04 12:00:00,
1973,2018-09-04 15:00:00,
1974,2018-09-04 18:00:00,
1975,2018-09-04 21:00:00,
1976,2018-09-05 00:00:00,
1977,2018-09-05 03:00:00,
1978,2018-09-05 06:00:00,
1979,2018-09-05 09:00:00,
1980,2018-09-05 12:00:00,
1981,2018-09-05 15:00:00,
1982,2018-09-05 18:00:00,
1983,2018-09-05 21:00:00,
1984,2018-09-06 00:00:00,
1985,2018-09-06 03:00:00,
1986,2018-09-06 06:00:00,
1987,2018-09-06 09:00:00,
1988,2018-09-06 12:00:00,
1989,2018-09-06 15:00:00,
1990,2018-09-06 18:00:00,
1991,2018-09-06 21:00:00,
1992,2018-09-07 00:00:00,
1993,2018-09-07 03:00:00,
1994,2018-09-07 06:00:00,
1995,2018-09-07 09:00:00,
1996,2018-09-07 12:00:00,
1997,2018-09-07 15:00:00,
1998,2018-09-07 18:00:00,
1999,2018-09-07 21:00:00,
2000,2018-09-08 00:00:00,
2001,2018-09-08 03:00:00,
2002,2018-09-08 06:00:00,
2003,2018-09-08 09:00:00,
2004,2018-09-08 12:00:00,
2005,2018-09-08 15:00:00,
2006,2018-09-08 18:00:00,
2007,2018-09-08 21:00:00,
2008,2018-09-09 00:00:00,
2009,2018-09-09 03:00:00,
2010,2018-09-09 06:00:00,
2011,2018-09-09 09:00:00,
2012,2018-09-09 12:00:00,
2013,2018-09-09 15:00:00,
2014,2018-09-09 18:00:00,
2015,2018-09-09 21:00:00,
2016,2018-09-10 00:00:00,
2017,2018-09-10 03:00:00,
2018,2018-09-10 06:00:00,
2019,2018-09-10 09:00:00,
2020,2018-09-10 12:00:00,
2021,2018-09-10 15:00:00,
2022,2018-09-10 18:00:00,
2023,2018-09-10 21:00:00,
2024,2018-09-11 00:00:00,
2025,2018-09-11 03:00:00,
2026,2018-09-11 06:00:00,
2027,2018-09-11 09:00:00,
2028,2018-09-11 12:00:00,
2029,2018-09-11 15:00:00,
2030,2018-09-11 18:00:00,
2031,2018-09-11 21:00:00,
2032,2018-09-12 00:00:00,
2033,2018-09-12 03:00:00,
2034,2018-09-12 06:00:00,
2035,2018-09-12 09:00:00,
2036,2018-09-12 12:00:00,
2037,2018-09-12 15:00:00,
2038,2018-09-12 18:00:00,
2039,2018-09-12 21:00:00,
2040,2018-09-13 00:00:00,
2041,2018-09-13 03:00:00,
2042,2018-09-13 06:00:00,
2043,2018-09-13 09:00:00,
2044,2018-09-13 12:00:00,
2045,2018-09-13 15:00:00,
2046,2018-09-13 18:00:00,
2047,2018-09-13 21:00:00,
2048,2018-09-14 00:00:00,
2049,2018-09-14 03:00:00,
2050,2018-09-14 06:00:00,
2051,2018-09-14 09:00:00,
2052,2018-09-14 12:00:00,
2053,2018-09-14 15:00:00,
2054,2018-09-14 18:00:00,
2055,2018-09-14 21:00:00,
2056,2018-09-15 00:00:00,
2057,2018-09-15 03:00:00,
2058,2018-09-15 06:00:00,
2059,2018-09-15 09:00:00,
2060,2018-09-15 12:00:00,
2061,2018-09-15 15:00:00,
2062,2018-09-15 18:00:00,
2063,2018-09-15 21:00:00,
2064,2018-09-16 00:00:00,
2065,2018-09-16 03:00:00,
2066,2018-09-16 06:00:00,
2067,2018-09-16 09:00:00,
2068,2018-09-16 12:00:00,
2069,2018-09-16 15:00:00,
2070,2018-09-16 18:00:00,
2071,2018-09-16 21:00:00,
2072,2018-09-17 00:00:00,
2073,2018-09-17 03:00:00,
2074,2018-09-17 06:00:00,
2075,2018-09-17 09:00:00,
2076,2018-09-17 12:00:00,
2077,2018-09-17 15:00:00,
2078,2018-09-17 18:00:00,
2079,2018-09-17 21:00:00,
2080,2018-09-18 00:00:00,
2081,2018-09-18 03:00:00,
2082,2018-09-18 06:00:00,
2083,2018-09-18 09:00:00,
2084,2018-09-18 12:00:00,
2085,2018-09-18 15:00:00,
2086,2018-09-18 18:00:00,
2087,2018-09-18 21:00:00,
2088,2018-09-19 00:00:00,
2089,2018-09-19 03:00:00,
2090,2018-09-19 06:00:00,
2091,2018-09-19 09:00:00,
2092,2018-09-19 12:00:00,
2093,2018-09-19 15:00:00,
2094,2018-09-19 18:00:00,
2095,2018-09-19 21:00:00,
2096,2018-09-20 00:00:00,
2097,2018-09-20 03:00:00,
2098,2018-09-20 06:00:00,
2099,2018-09-20 09:00:00,
2100,2018-09-20 12:00:00,
2101,2018-09-20 15:00:00,
2102,2018-09-20 18:00:00,
2103,2018-09-20 21:00:00,
2104,2018-09-21 00:00:00,
2105,2018-09-21 03:00:00,
2106,2018-09-21 06:00:00,
2107,2018-09-21 09:00:00,
2108,2018-09-21 12:00:00,
2109,2018-09-21 15:00:00,
2110,2018-09-21 18:00:00,
2111,2018-09-21 21:00:00,
2112,2018-09-22 00:00:00,
2113,2018-09-22 03:00:00,
2114,2018-09-22 06:00:00,
2115,2018-09-22 09:00:00,
2116,2018-09-22 12:00:00,
2117,2018-09-22 15:00:00,
2118,2018-09-22 18:00:00,
2119,2018-09-22 21:00:00,
2120,2018-09-23 00:00:00,
2121,2018-09-23 03:00:00,
2122,2018-09-23 06:00:00,
2123,2018-09-23 09:00:00,
2124,2018-09-23 12:00:00,
2125,2018-09-23 15:00:00,
2126,2018-09-23 18:00:00,
2127,2018-09-23 21:00:00,
2128,2018-09-24 00:00:00,
2129,2018-09-24 03:00:00,
2130,2018-09-24 06:00:00,
2131,2018-09-24 09:00:00,
2132,2018-09-24 12:00:00,
2133,2018-09-24 15:00:00,
2134,2018-09-24 18:00:00,
2135,2018-09-24 21:00:00,
2136,2018-09-25 00:00:00,
2137,2018-09-25 03:00:00,
2138,2018-09-25 06:00:00,
2139,2018-09-25 09:00:00,
2140,2018-09-25 12:00:00,
2141,2018-09-25 15:00:00,
2142,2018-09-25 18:00:00,
2143,2018-09-25 21:00:00,
2144,2018-09-26 00:00:00,
2145,2018-09-26 03:00:00,
2146,2018-09-26 06:00:00,
2147,2018-09-26 09:00:00,
2148,2018-09-26 12:00:00,
2149,2018-09-26 15:00:00,
2150,2018-09-26 18:00:00,
2151,2018-09-26 21:00:00,
2152,2018-09-27 00:00:00,
2153,2018-09-27 03:00:00,
2154,2018-09-27 06:00:00,
2155,2018-09-27 09:00:00,
2156,2018-09-27 12:00:00,
2157,2018-09-27 15:00:00,
2158,2018-09-27 18:00:00,
2159,2018-09-27 21:00:00,
2160,2018-09-28 00:00:00,
2161,2018-09-28 03:00:00,
2162,2018-09-28 06:00:00,
2163,2018-09-28 09:00:00,
2164,2018-09-28 12:00:00,
2165,2018-09-28 15:00:00,
2166,2018-09-28 18:00:00,
2167,2018-09-28 21:00:00,
2168,2018-09-29 00:00:00,
2169,2018-09-29 03:00:00,
2170,2018-09-29 06:00:00,
2171,2018-09-29 09:00:00,
2172,2018-09-29 12:00:00,
2173,2018-09-29 15:00:00,
2174,2018-09-29 18:00:00,
2175,2018-09-29 21:00:00,
2176,2018-09-30 00:00:00,
2177,2018-09-30 03:00:00,
2178,2018-09-30 06:00:00,
2179,2018-09-30 09:00:00,
2180,2018-09-30 12:00:00,
2181,2018-09-30 15:00:00,
2182,2018-09-30 18:00:00,
2183,2018-09-30 21:00:00,
2184,2018-10-01 00:00:00,
2185,2018-10-01 03:00:00,
2186,2018-10-01 06:00:00,
2187,2018-10-01 09:00:00,
2188,2018-10-01 12:00:00,
2189,2018-10-01 15:00:00,
2190,2018-10-01 18:00:00,
2191,2018-10-01 21:00:00,
2192,2018-10-02 00:00:00,
2193,2018-10-02 03:00:00,
2194,2018-10-02 06:00:00,
2195,2018-10-02 09:00:00,
2196,2018-10-02 12:00:00,
2197,2018-10-02 15:00:00,
2198,2018-10-02 18:00:00,
2199,2018-10-02 21:00:00,
2200,2018-10-03 00:00:00,
2201,2018-10-03 03:00:00,
2202,2018-10-03 06:00:00,
2203,2018-10-03 09:00:00,
2204,2018-10-03 12:00:00,
2205,2018-10-03 15:00:00,
2206,2018-10-03 18:00:00,
2207,2018-10-03 21:00:00,
2208,2018-10-04 00:00:00,
2209,2018-10-04 03:00:00,
2210,2018-10-04 06:00:00,
2211,2018-10-04 09:00:00,
2212,2018-10-04 12:00:00,
2213,2018-10-04 15:00:00,
2214,2018-10-04 18:00:00,
2215,2018-10-04 21:00:00,
2216,2018-10-05 00:00:00,
2217,2018-10-05 03:00:00,
2218,2018-10-05 06:00:00,
2219,2018-10-05 09:00:00,
2220,2018-10-05 12:00:00,
2221,2018-10-05 15:00:00,
2222,2018-10-05 18:00:00,
2223,2018-10-05 21:00:00,
2224,2018-10-06 00:00:00,
2225,2018-10-06 03:00:00,
2226,2018-10-06 06:00:00,
2227,2018-10-06 09:00:00,
2228,2018-10-06 12:00:00,
2229,2018-10-06 15:00:00,
2230,2018-10-06 18:00:00,
2231,2018-10-06 21:00:00,
2232,2018-10-07 00:00:00,
2233,2018-10-07 03:00:00,
2234,2018-10-07 06:00:00,
2235,2018-10-07 09:00:00,
2236,2018-10-07 12:00:00,
2237,2018-10-07 15:00:00,
2238,2018-10-07 18:00:00,
2239,2018-10-07 21:00:00,
2240,2018-10-08 00:00:00,
2241,2018-10-08 03:00:00,
2242,2018-10-08 06:00:00,
2243,2018-10-08 09:00:00,
2244,2018-10-08 12:00:00,
2245,2018-10-08 15:00:00,
2246,2018-10-08 18:00:00,
2247,2018-10-08 21:00:00,
2248,2018-10-09 00:00:00,
2249,2018-10-09 03:00:00,
2250,2018-10-09 06:00:00,
2251,2018-10-09 09:00:00,
2252,2018-10-09 12:00:00,
2253,2018-10-09 15:00:00,
2254,2018-10-09 18:00:00,
2255,2018-10-09 21:00:00,
2256,2018-10-10 00:00:00,
2257,2018-10-10 03:00:00,
2258,2018-10-10 06:00:00,
2259,2018-10-10 09:00:00,
2260,2018-10-10 12:00:00,
2261,2018-10-10 15:00:00,
2262,2018-10-10 18:00:00,
2263,2018-10-10 21:00:00,
2264,2018-10-11 00:00:00,
2265,2018-10-11 03:00:00,
2266,2018-10-11 06:00:00,
2267,2018-10-11 09:00:00,
2268,2018-10-11 12:00:00,
2269,2018-10-11 15:00:00,
2270,2018-10-11 18:00:00,
2271,2018-10-11 21:00:00,
2272,2018-10-12 00:00:00,
2273,2018-10-12 03:00:00,
2274,2018-10-12 06:00:00,
2275,2018-10-12 09:00:00,
2276,2018-10-12 12:00:00,
2277,2018-10-12 15:00:00,
2278,2018-10-12 18:00:00,
2279,2018-10-12 21:00:00,
2280,2018-10-13 00:00:00,
2281,2018-10-13 03:00:00,
2282,2018-10-13 06:00:00,
2283,2018-10-13 09:00:00,
2284,2018-10-13 12:00:00,
2285,2018-10-13 15:00:00,
2286,2018-10-13 18:00:00,
2287,2018-10-13 21:00:00,
2288,2018-10-14 00:00:00,
2289,2018-10-14 03:00:00,
2290,2018-10-14 06:00:00,
2291,2018-10-14 09:00:00,
2292,2018-10-14 12:00:00,
2293,2018-10-14 15:00:00,
2294,2018-10-14 18:00:00,
2295,2018-10-14 21:00:00,
2296,2018-10-15 00:00:00,
2297,2018-10-15 03:00:00,
2298,2018-10-15 06:00:00,
2299,2018-10-15 09:00:00,
2300,2018-10-15 12:00:00,
2301,2018-10-15 15:00:00,
2302,2018-10-15 18:00:00,
2303,2018-10-15 21:00:00,
2304,2018-10-16 00:00:00,
2305,2018-10-16 03:00:00,
2306,2018-10-16 06:00:00,
2307,2018-10-16 09:00:00,
2308,2018-10-16 12:00:00,
2309,2018-10-16 15:00:00,
2310,2018-10-16 18:00:00,
2311,2018-10-16 21:00:00,
2312,2018-10-17 00:00:00,
2313,2018-10-17 03:00:00,
2314,2018-10-17 06:00:00,
2315,2018-10-17 09:00:00,
2316,2018-10-17 12:00:00,
2317,2018-10-17 15:00:00,
2318,2018-10-17 18:00:00,
2319,2018-10-17 21:00:00,
2320,2018-10-18 00:00:00,
2321,2018-10-18 03:00:00,
2322,2018-10-18 06:00:00,
2323,2018-10-18 09:00:00,
2324,2018-10-18 12:00:00,
2325,2018-10-18 15:00:00,
2326,2018-10-18 18:00:00,
2327,2018-10-18 21:00:00,
2328,2018-10-19 00:00:00,
2329,2018-10-19 03:00:00,
2330,2018-10-19 06:00:00,
2331,2018-10-19 09:00:00,
2332,2018-10-19 12:00:00,
2333,2018-10-19 15:00:00,
2334,2018-10-19 18:00:00,
2335,2018-10-19 21:00:00,
2336,2018-10-20 00:00:00,
2337,2018-10-20 03:00:00,
2338,2018-10-20 06:00:00,
2339,2018-10-20 09:00:00,
2340,2018-10-20 12:00:00,
2341,2018-10-20 15:00:00,
2342,2018-10-20 18:00:00,
2343,2018-10-20 21:00:00,
2344,2018-10-21 00:00:00,
2345,2018-10-21 03:00:00,
2346,2018-10-21 06:00:00,
2347,2018-10-21 09:00:00,
2348,2018-10-21 12:00:00,
2349,2018-10-21 15:00:00,
2350,2018-10-21 18:00:00,
2351,2018-10-21 21:00:00,
2352,2018-10-22 00:00:00,
2353,2018-10-22 03:00:00,
2354,2018-10-22 06:00:00,
2355,2018-10-22 09:00:00,
2356,2018-10-22 12:00:00,
2357,2018-10-22 15:00:00,
2358,2018-10-22 18:00:00,
2359,2018-10-22 21:00:00,
2360,2018-10-23 00:00:00,
2361,2018-10-23 03:00:00,
2362,2018-10-23 06:00:00,
2363,2018-10-23 09:00:00,
2364,2018-10-23 12:00:00,
2365,2018-10-23 15:00:00,
2366,2018-10-23 18:00:00,
2367,2018-10-23 21:00:00,
2368,2018-10-24 00:00:00,
2369,2018-10-24 03:00:00,
2370,2018-10-24 06:00:00,
2371,2018-10-24 09:00:00,
2372,2018-10-24 12:00:00,
2373,2018-10-24 15:00:00,
2374,2018-10-24 18:00:00,
2375,2018-10-24 21:00:00,
2376,2018-10-25 00:00:00,
2377,2018-10-25 03:00:00,
2378,2018-10-25 06:00:00,
2379,2018-10-25 09:00:00,
2380,2018-10-25 12:00:00,
2381,2018-10-25 15:00:00,
2382,2018-10-25 18:00:00,
2383,2018-10-25 21:00:00,
2384,2018-10-26 00:00:00,
2385,2018-10-26 03:00:00,
2386,2018-10-26 06:00:00,
2387,2018-10-26 09:00:00,
2388,2018-10-26 12:00:00,
2389,2018-10-26 15:00:00,
2390,2018-10-26 18:00:00,
2391,2018-10-26 21:00:00,
2392,2018-10-27 00:00:00,
2393,2018-10-27 03:00:00,
2394,2018-10-27 06:00:00,
2395,2018-10-27 09:00:00,
2396,2018-10-27 12:00:00,
2397,2018-10-27 15:00:00,
2398,2018-10-27 18:00:00,
2399,2018-10-27 21:00:00,
2400,2018-10-28 00:00:00,
2401,2018-10-28 03:00:00,
2402,2018-10-28 06:00:00,
2403,2018-10-28 09:00:00,
2404,2018-10-28 12:00:00,
2405,2018-10-28 15:00:00,
2406,2018-10-28 18:00:00,
2407,2018-10-28 21:00:00,
2408,2018-10-29 00:00:00,
2409,2018-10-29 03:00:00,
2410,2018-10-29 06:00:00,
2411,2018-10-29 09:00:00,
2412,2018-10-29 12:00:00,
2413,2018-10-29 15:00:00,
2414,2018-10-29 18:00:00,
2415,2018-10-29 21:00:00,
2416,2018-10-30 00:00:00,
2417,2018-10-30 03:00:00,
2418,2018-10-30 06:00:00,
2419,2018-10-30 09:00:00,
2420,2018-10-30 12:00:00,
2421,2018-10-30 15:00:00,
2422,2018-10-30 18:00:00,
2423,2018-10-30 21:00:00,
2424,2018-10-31 00:00:00,
2425,2018-10-31 03:00:00,
2426,2018-10-31 06:00:00,
2427,2018-10-31 09:00:00,
2428,2018-10-31 12:00:00,
2429,2018-10-31 15:00:00,
2430,2018-10-31 18:00:00,
2431,2018-10-31 21:00:00,
2432,2018-11-01 00:00:00,
2433,2018-11-01 03:00:00,
2434,2018-11-01 06:00:00,
2435,2018-11-01 09:00:00,
2436,2018-11-01 12:00:00,
2437,2018-11-01 15:00:00,
2438,2018-11-01 18:00:00,
2439,2018-11-01 21:00:00,
2440,2018-11-02 00:00:00,
2441,2018-11-02 03:00:00,
2442,2018-11-02 06:00:00,
2443,2018-11-02 09:00:00,
2444,2018-11-02 12:00:00,
2445,2018-11-02 15:00:00,
2446,2018-11-02 18:00:00,
2447,2018-11-02 21:00:00,
2448,2018-11-03 00:00:00,
2449,2018-11-03 03:00:00,
2450,2018-11-03 06:00:00,
2451,2018-11-03 09:00:00,
2452,2018-11-03 12:00:00,
2453,2018-11-03 15:00:00,
2454,2018-11-03 18:00:00,
2455,2018-11-03 21:00:00,
2456,2018-11-04 00:00:00,
2457,2018-11-04 03:00:00,
2458,2018-11-04 06:00:00,
2459,2018-11-04 09:00:00,
2460,2018-11-04 12:00:00,
2461,2018-11-04 15:00:00,
2462,2018-11-04 18:00:00,
2463,2018-11-04 21:00:00,
2464,2018-11-05 00:00:00,
2465,2018-11-05 03:00:00,
2466,2018-11-05 06:00:00,
2467,2018-11-05 09:00:00,
2468,2018-11-05 12:00:00,
2469,2018-11-05 15:00:00,
2470,2018-11-05 18:00:00,
2471,2018-11-05 21:00:00,
2472,2018-11-06 00:00:00,
2473,2018-11-06 03:00:00,
2474,2018-11-06 06:00:00,
2475,2018-11-06 09:00:00,
2476,2018-11-06 12:00:00,
2477,2018-11-06 15:00:00,
2478,2018-11-06 18:00:00,
2479,2018-11-06 21:00:00,
2480,2018-11-07 00:00:00,
2481,2018-11-07 03:00:00,
2482,2018-11-07 06:00:00,
2483,2018-11-07 09:00:00,
2484,2018-11-07 12:00:00,
2485,2018-11-07 15:00:00,
2486,2018-11-07 18:00:00,
2487,2018-11-07 21:00:00,
2488,2018-11-08 00:00:00,
2489,2018-11-08 03:00:00,
2490,2018-11-08 06:00:00,
2491,2018-11-08 09:00:00,
2492,2018-11-08 12:00:00,
2493,2018-11-08 15:00:00,
2494,2018-11-08 18:00:00,
2495,2018-11-08 21:00:00,
2496,2018-11-09 00:00:00,
2497,2018-11-09 03:00:00,
2498,2018-11-09 06:00:00,
2499,2018-11-09 09:00:00,
2500,2018-11-09 12:00:00,
2501,2018-11-09 15:00:00,
2502,2018-11-09 18:00:00,
2503,2018-11-09 21:00:00,
2504,2018-11-10 00:00:00,
2505,2018-11-10 03:00:00,
2506,2018-11-10 06:00:00,
2507,2018-11-10 09:00:00,
2508,2018-11-10 12:00:00,
2509,2018-11-10 15:00:00,
2510,2018-11-10 18:00:00,
2511,2018-11-10 21:00:00,
2512,2018-11-11 00:00:00,
2513,2018-11-11 03:00:00,
2514,2018-11-11 06:00:00,
2515,2018-11-11 09:00:00,
2516,2018-11-11 12:00:00,
2517,2018-11-11 15:00:00,
2518,2018-11-11 18:00:00,
2519,2018-11-11 21:00:00,
2520,2018-11-12 00:00:00,
2521,2018-11-12 03:00:00,
2522,2018-11-12 06:00:00,
2523,2018-11-12 09:00:00,
2524,2018-11-12 12:00:00,
2525,2018-11-12 15:00:00,
2526,2018-11-12 18:00:00,
2527,2018-11-12 21:00:00,
2528,2018-11-13 00:00:00,
2529,2018-11-13 03:00:00,
2530,2018-11-13 06:00:00,
2531,2018-11-13 09:00:00,
2532,2018-11-13 12:00:00,
2533,2018-11-13 15:00:00,
2534,2018-11-13 18:00:00,
2535,2018-11-13 21:00:00,
2536,2018-11-14 00:00:00,
2537,2018-11-14 03:00:00,
2538,2018-11-14 06:00:00,
2539,2018-11-14 09:00:00,
2540,2018-11-14 12:00:00,
2541,2018-11-14 15:00:00,
2542,2018-11-14 18:00:00,
2543,2018-11-14 21:00:00,
2544,2018-11-15 00:00:00,
2545,2018-11-15 03:00:00,
2546,2018-11-15 06:00:00,
2547,2018-11-15 09:00:00,
2548,2018-11-15 12:00:00,
2549,2018-11-15 15:00:00,
2550,2018-11-15 18:00:00,
2551,2018-11-15 21:00:00,
2552,2018-11-16 00:00:00,
2553,2018-11-16 03:00:00,
2554,2018-11-16 06:00:00,
2555,2018-11-16 09:00:00,
2556,2018-11-16 12:00:00,
2557,2018-11-16 15:00:00,
2558,2018-11-16 18:00:00,
2559,2018-11-16 21:00:00,
2560,2018-11-17 00:00:00,
2561,2018-11-17 03:00:00,
2562,2018-11-17 06:00:00,
2563,2018-11-17 09:00:00,
2564,2018-11-17 12:00:00,
2565,2018-11-17 15:00:00,
2566,2018-11-17 18:00:00,
2567,2018-11-17 21:00:00,
2568,2018-11-18 00:00:00,
2569,2018-11-18 03:00:00,
2570,2018-11-18 06:00:00,
2571,2018-11-18 09:00:00,
2572,2018-11-18 12:00:00,
2573,2018-11-18 15:00:00,
2574,2018-11-18 18:00:00,
2575,2018-11-18 21:00:00,
2576,2018-11-19 00:00:00,
2577,2018-11-19 03:00:00,
2578,2018-11-19 06:00:00,
2579,2018-11-19 09:00:00,
2580,2018-11-19 12:00:00,
2581,2018-11-19 15:00:00,
2582,2018-11-19 18:00:00,
2583,2018-11-19 21:00:00,
2584,2018-11-20 00:00:00,
2585,2018-11-20 03:00:00,
2586,2018-11-20 06:00:00,
2587,2018-11-20 09:00:00,
2588,2018-11-20 12:00:00,
2589,2018-11-20 15:00:00,
2590,2018-11-20 18:00:00,
2591,2018-11-20 21:00:00,
2592,2018-11-21 00:00:00,
2593,2018-11-21 03:00:00,
2594,2018-11-21 06:00:00,
2595,2018-11-21 09:00:00,
2596,2018-11-21 12:00:00,
2597,2018-11-21 15:00:00,
2598,2018-11-21 18:00:00,
2599,2018-11-21 21:00:00,
2600,2018-11-22 00:00:00,
2601,2018-11-22 03:00:00,
2602,2018-11-22 06:00:00,
2603,2018-11-22 09:00:00,
2604,2018-11-22 12:00:00,
2605,2018-11-22 15:00:00,
2606,2018-11-22 18:00:00,
2607,2018-11-22 21:00:00,
2608,2018-11-23 00:00:00,
2609,2018-11-23 03:00:00,
2610,2018-11-23 06:00:00,
2611,2018-11-23 09:00:00,
2612,2018-11-23 12:00:00,
2613,2018-11-23 15:00:00,
2614,2018-11-23 18:00:00,
2615,2018-11-23 21:00:00,
2616,2018-11-24 00:00:00,
2617,2018-11-24 03:00:00,
2618,2018-11-24 06:00:00,
2619,2018-11-24 09:00:00,
2620,2018-11-24 12:00:00,
2621,2018-11-24 15:00:00,
2622,2018-11-24 18:00:00,
2623,2018-11-24 21:00:00,
2624,2018-11-25 00:00:00,
2625,2018-11-25 03:00:00,
2626,2018-11-25 06:00:00,
2627,2018-11-25 09:00:00,
2628,2018-11-25 12:00:00,
2629,2018-11-25 15:00:00,
2630,2018-11-25 18:00:00,
2631,2018-11-25 21:00:00,
2632,2018-11-26 00:00:00,
2633,2018-11-26 03:00:00,
2634,2018-11-26 06:00:00,
2635,2018-11-26 09:00:00,
2636,2018-11-26 12:00:00,
2637,2018-11-26 15:00:00,
2638,2018-11-26 18:00:00,
2639,2018-11-26 21:00:00,
2640,2018-11-27 00:00:00,
2641,2018-11-27 03:00:00,
2642,2018-11-27 06:00:00,
2643,2018-11-27 09:00:00,
2644,2018-11-27 12:00:00,
2645,2018-11-27 15:00:00,
2646,2018-11-27 18:00:00,
2647,2018-11-27 21:00:00,
2648,2018-11-28 00:00:00,
2649,2018-11-28 03:00:00,
2650,2018-11-28 06:00:00,
2651,2018-11-28 09:00:00,
2652,2018-11-28 12:00:00,
2653,2018-11-28 15:00:00,
2654,2018-11-28 18:00:00,
2655,2018-11-28 21:00:00,
2656,2018-11-29 00:00:00,
2657,2018-11-29 03:00:00,
2658,2018-11-29 06:00:00,
2659,2018-11-29 09:00:00,
2660,2018-11-29 12:00:00,
2661,2018-11-29 15:00:00,
2662,2018-11-29 18:00:00,
2663,2018-11-29 21:00:00,
2664,2018-11-30 00:00:00,
2665,2018-11-30 03:00:00,
2666,2018-11-30 06:00:00,
2667,2018-11-30 09:00:00,
2668,2018-11-30 12:00:00,
2669,2018-11-30 15:00:00,
2670,2018-11-30 18:00:00,
2671,2018-11-30 21:00:00,
2672,2018-12-01 00:00:00,
2673,2018-12-01 03:00:00,
2674,2018-12-01 06:00:00,
2675,2018-12-01 09:00:00,
2676,2018-12-01 12:00:00,
2677,2018-12-01 15:00:00,
2678,2018-12-01 18:00:00,
2679,2018-12-01 21:00:00,
2680,2018-12-02 00:00:00,
2681,2018-12-02 03:00:00,
2682,2018-12-02 06:00:00,
2683,2018-12-02 09:00:00,
2684,2018-12-02 12:00:00,
2685,2018-12-02 15:00:00,
2686,2018-12-02 18:00:00,
2687,2018-12-02 21:00:00,
2688,2018-12-03 00:00:00,
2689,2018-12-03 03:00:00,
2690,2018-12-03 06:00:00,
2691,2018-12-03 09:00:00,
2692,2018-12-03 12:00:00,
2693,2018-12-03 15:00:00,
2694,2018-12-03 18:00:00,
2695,2018-12-03 21:00:00,
2696,2018-12-04 00:00:00,
2697,2018-12-04 03:00:00,
2698,2018-12-04 06:00:00,
2699,2018-12-04 09:00:00,
2700,2018-12-04 12:00:00,
2701,2018-12-04 15:00:00,
2702,2018-12-04 18:00:00,
2703,2018-12-04 21:00:00,
2704,2018-12-05 00:00:00,
2705,2018-12-05 03:00:00,
2706,2018-12-05 06:00:00,
2707,2018-12-05 09:00:00,
2708,2018-12-05 12:00:00,
2709,2018-12-05 15:00:00,
2710,2018-12-05 18:00:00,
2711,2018-12-05 21:00:00,
2712,2018-12-06 00:00:00,
2713,2018-12-06 03:00:00,
2714,2018-12-06 06:00:00,
2715,2018-12-06 09:00:00,
2716,2018-12-06 12:00:00,
2717,2018-12-06 15:00:00,
2718,2018-12-06 18:00:00,
2719,2018-12-06 21:00:00,
2720,2018-12-07 00:00:00,
2721,2018-12-07 03:00:00,
2722,2018-12-07 06:00:00,
2723,2018-12-07 09:00:00,
2724,2018-12-07 12:00:00,
2725,2018-12-07 15:00:00,
2726,2018-12-07 18:00:00,
2727,2018-12-07 21:00:00,
2728,2018-12-08 00:00:00,
2729,2018-12-08 03:00:00,
2730,2018-12-08 06:00:00,
2731,2018-12-08 09:00:00,
2732,2018-12-08 12:00:00,
2733,2018-12-08 15:00:00,
2734,2018-12-08 18:00:00,
2735,2018-12-08 21:00:00,
2736,2018-12-09 00:00:00,
2737,2018-12-09 03:00:00,
2738,2018-12-09 06:00:00,
2739,2018-12-09 09:00:00,
2740,2018-12-09 12:00:00,
2741,2018-12-09 15:00:00,
2742,2018-12-09 18:00:00,
2743,2018-12-09 21:00:00,
2744,2018-12-10 00:00:00,
2745,2018-12-10 03:00:00,
2746,2018-12-10 06:00:00,
2747,2018-12-10 09:00:00,
2748,2018-12-10 12:00:00,
2749,2018-12-10 15:00:00,
2750,2018-12-10 18:00:00,
2751,2018-12-10 21:00:00,
2752,2018-12-11 00:00:00,
2753,2018-12-11 03:00:00,
2754,2018-12-11 06:00:00,
2755,2018-12-11 09:00:00,
2756,2018-12-11 12:00:00,
2757,2018-12-11 15:00:00,
2758,2018-12-11 18:00:00,
2759,2018-12-11 21:00:00,
2760,2018-12-12 00:00:00,
2761,2018-12-12 03:00:00,
2762,2018-12-12 06:00:00,
2763,2018-12-12 09:00:00,
2764,2018-12-12 12:00:00,
2765,2018-12-12 15:00:00,
2766,2018-12-12 18:00:00,
2767,2018-12-12 21:00:00,
2768,2018-12-13 00:00:00,
2769,2018-12-13 03:00:00,
2770,2018-12-13 06:00:00,
2771,2018-12-13 09:00:00,
2772,2018-12-13 12:00:00,
2773,2018-12-13 15:00:00,
2774,2018-12-13 18:00:00,
2775,2018-12-13 21:00:00,
2776,2018-12-14 00:00:00,
2777,2018-12-14 03:00:00,
2778,2018-12-14 06:00:00,
2779,2018-12-14 09:00:00,
2780,2018-12-14 12:00:00,
2781,2018-12-14 15:00:00,
2782,2018-12-14 18:00:00,
2783,2018-12-14 21:00:00,
2784,2018-12-15 00:00:00,
2785,2018-12-15 03:00:00,
2786,2018-12-15 06:00:00,
2787,2018-12-15 09:00:00,
2788,2018-12-15 12:00:00,
2789,2018-12-15 15:00:00,
2790,2018-12-15 18:00:00,
2791,2018-12-15 21:00:00,
2792,2018-12-16 00:00:00,
2793,2018-12-16 03:00:00,
2794,2018-12-16 06:00:00,
2795,2018-12-16 09:00:00,
2796,2018-12-16 12:00:00,
2797,2018-12-16 15:00:00,
2798,2018-12-16 18:00:00,
2799,2018-12-16 21:00:00,
2800,2018-12-17 00:00:00,
2801,2018-12-17 03:00:00,
2802,2018-12-17 06:00:00,
2803,2018-12-17 09:00:00,
2804,2018-12-17 12:00:00,
2805,2018-12-17 15:00:00,
2806,2018-12-17 18:00:00,
2807,2018-12-17 21:00:00,
2808,2018-12-18 00:00:00,
2809,2018-12-18 03:00:00,
2810,2018-12-18 06:00:00,
2811,2018-12-18 09:00:00,
2812,2018-12-18 12:00:00,
2813,2018-12-18 15:00:00,
2814,2018-12-18 18:00:00,
2815,2018-12-18 21:00:00,
2816,2018-12-19 00:00:00,
2817,2018-12-19 03:00:00,
2818,2018-12-19 06:00:00,
2819,2018-12-19 09:00:00,
2820,2018-12-19 12:00:00,
2821,2018-12-19 15:00:00,
2822,2018-12-19 18:00:00,
2823,2018-12-19 21:00:00,
2824,2018-12-20 00:00:00,
2825,2018-12-20 03:00:00,
2826,2018-12-20 06:00:00,
2827,2018-12-20 09:00:00,
2828,2018-12-20 12:00:00,
2829,2018-12-20 15:00:00,
2830,2018-12-20 18:00:00,
2831,2018-12-20 21:00:00,
2832,2018-12-21 00:00:00,
2833,2018-12-21 03:00:00,
2834,2018-12-21 06:00:00,
2835,2018-12-21 09:00:00,
2836,2018-12-21 12:00:00,
2837,2018-12-21 15:00:00,
2838,2018-12-21 18:00:00,
2839,2018-12-21 21:00:00,
2840,2018-12-22 00:00:00,
2841,2018-12-22 03:00:00,
2842,2018-12-22 06:00:00,
2843,2018-12-22 09:00:00,
2844,2018-12-22 12:00:00,
2845,2018-12-22 15:00:00,
2846,2018-12-22 18:00:00,
2847,2018-12-22 21:00:00,
2848,2018-12-23 00:00:00,
2849,2018-12-23 03:00:00,
2850,2018-12-23 06:00:00,
2851,2018-12-23 09:00:00,
2852,2018-12-23 12:00:00,
2853,2018-12-23 15:00:00,
2854,2018-12-23 18:00:00,
2855,2018-12-23 21:00:00,
2856,2018-12-24 00:00:00,
2857,2018-12-24 03:00:00,
2858,2018-12-24 06:00:00,
2859,2018-12-24 09:00:00,
2860,2018-12-24 12:00:00,
2861,2018-12-24 15:00:00,
2862,2018-12-24 18:00:00,
2863,2018-12-24 21:00:00,
2864,2018-12-25 00:00:00,
2865,2018-12-25 03:00:00,
2866,2018-12-25 06:00:00,
2867,2018-12-25 09:00:00,
2868,2018-12-25 12:00:00,
2869,2018-12-25 15:00:00,
2870,2018-12-25 18:00:00,
2871,2018-12-25 21:00:00,
2872,2018-12-26 00:00:00,
2873,2018-12-26 03:00:00,
2874,2018-12-26 06:00:00,
2875,2018-12-26 09:00:00,
2876,2018-12-26 12:00:00,
2877,2018-12-26 15:00:00,
2878,2018-12-26 18:00:00,
2879,2018-12-26 21:00:00,
2880,2018-12-27 00:00:00,
2881,2018-12-27 03:00:00,
2882,2018-12-27 06:00:00,
2883,2018-12-27 09:00:00,
2884,2018-12-27 12:00:00,
2885,2018-12-27 15:00:00,
2886,2018-12-27 18:00:00,
2887,2018-12-27 21:00:00,
2888,2018-12-28 00:00:00,
2889,2018-12-28 03:00:00,
2890,2018-12-28 06:00:00,
2891,2018-12-28 09:00:00,
2892,2018-12-28 12:00:00,
2893,2018-12-28 15:00:00,
2894,2018-12-28 18:00:00,
2895,2018-12-28 21:00:00,
2896,2018-12-29 00:00:00,
2897,2018-12-29 03:00:00,
2898,2018-12-29 06:00:00,
2899,2018-12-29 09:00:00,
2900,2018-12-29 12:00:00,
2901,2018-12-29 15:00:00,
2902,2018-12-29 18:00:00,
2903,2018-12-29 21:00:00,
2904,2018-12-30 00:00:00,
2905,2018-12-30 03:00:00,
2906,2018-12-30 06:00:00,
2907,2018-12-30 09:00:00,
2908,2018-12-30 12:00:00,
2909,2018-12-30 15:00:00,
2910,2018-12-30 18:00:00,
2911,2018-12-30 21:00:00,
2912,2018-12-31 00:00:00,
2913,2018-12-31 03:00:00,
2914,2018-12-31 06:00:00,
2915,2018-12-31 09:00:00,
2916,2018-12-31 12:00:00,
2917,2018-12-31 15:00:00,
2918,2018-12-31 18:00:00,
2919,2018-12-31 21:00:00,
